
create table accounts (id bigint generated by default as identity, oid varchar(30) not null, created_by varchar(255), created_date date, last_mod_by varchar(255), last_mod_date date, primary key (id));
create table adresse_externe (id bigint generated by default as identity, oid varchar(30) not null, adr_hausnummer varchar(70), adr_plz integer, adr_stadt varchar(20), adr_str varchar(70), mandant VARCHAR(20), primary key (id));
create table adresse_interne (id bigint generated by default as identity, oid varchar(30) not null, adr_hausnummer varchar(70), adr_strasse varchar(70), mandant VARCHAR(20), primary key (id));
create table adresse_reference (id bigint generated by default as identity, oid varchar(30) not null, mandant varchar(20), adr_externe_id bigint, adr_interne_id VARCHAR(20), primary key (id));
create table authoritys (id bigint generated by default as identity, oid varchar(30) not null, created_by varchar(255), created_date date, last_mod_by varchar(255), last_mod_date date, auth_authority varchar(255), primary key (id));
create table authoritys_permissions (authority_id bigint, permission_id bigint, primary key (authority_id, permission_id));
create table buerger (id bigint generated by default as identity, oid varchar(30) not null, buer_geburtsdatum date, buer_nachname varchar(70) not null, buer_vorname varchar(70), mandant varchar(20), primary key (id));
create table buerger_kinder (buerger bigint not null, kinder bigint not null, primary key (buerger, kinder));
create table buerger_partner (buerger bigint not null, partner bigint not null, primary key (buerger, partner));
create table buerger_pass (buerger bigint not null, pass bigint not null, primary key (buerger, pass));
create table buerger_sachbearbeiter (buerger bigint not null, sachbearbeiter bigint not null, primary key (buerger, sachbearbeiter));
create table buerger_staatsangehoerigkeit_references (buerger bigint not null, staatsangehoerigkeit_references bigint not null, primary key (buerger, staatsangehoerigkeit_references));
create table buerger_wohnungen (buerger bigint not null, wohnungen bigint not null, primary key (buerger, wohnungen));
create table company_base_infos (id bigint generated by default as identity, oid varchar(30) not null, created_by varchar(255), created_date date, last_mod_by varchar(255), last_mod_date date, comp_adress varchar(255), comp_name varchar(255), primary key (id));
create table company_base_infos_accounts (company_base_infos bigint not null, accounts bigint not null, primary key (company_base_infos, accounts));
create table pass (id bigint generated by default as identity, oid varchar(30) not null, pass_typ varchar(10), pass_augenfarbe varchar(70), pass_austellungsdatum date, pass_behoerde varchar(70), pass_groesse varchar(20), pass_gueltig_bis date, pass_kode varchar(10), pass_passnummer varchar(70), mandant varchar(20), staatsangehoerigkeit_reference bigint, primary key (id));
create table permissions (id bigint generated by default as identity, oid varchar(30) not null, created_by varchar(255), created_date date, last_mod_by varchar(255), last_mod_date date, perm_permission varchar(255), primary key (id));
create table revinfo (rev integer generated by default as identity, revtstmp bigint, primary key (rev));
create table staatsangehoerigkeit_reference (id bigint generated by default as identity, ref_oid varchar(100) not null, mandant varchar(20), primary key (id));
create table users (id bigint generated by default as identity, user_birthdate date, created_by varchar(255), created_date date, user_email varchar(255), user_enabled boolean, user_forname varchar(255), last_mod_by varchar(255), last_mod_date date, oid varchar(30) not null, user_password varchar(255), user_surname varchar(255), user_username varchar(255) not null, mandant varchar(20), primary key (id));
create table users_accounts (users bigint not null, accounts bigint not null, primary key (users, accounts));
create table users_authoritys (user_id bigint, authority_id bigint, primary key (authority_id, user_id));
create table wohnungen (id bigint generated by default as identity, oid varchar(30) not null, wohn_ausrichtung varchar(20), wohn_stock varchar(255), mandant varchar(20), adresse_id bigint, primary key (id));
create table sachbearbeiter (id bigint generated by default as identity, oid varchar(30) not null,sach_funktion varchar(50), sach_fax varchar(50),sach_telephone varchar(50), sach_organisationseinheit varchar(50),user_id bigint, mandant varchar(20), primary key (id));
create table sachbearbeiter_buerger (sachbearbeiter bigint not null, buerger bigint not null, primary key ( sachbearbeiter,buerger));
alter table accounts add constraint UK_OID_ON_ACCOUNTS unique (oid);
alter table adresse_externe add constraint UK_OID_ON_adresse_externe unique (oid);
alter table adresse_interne add constraint UK_OID_ON_adresse_interne unique (oid);
alter table adresse_reference add constraint UK_OID_ON_adresse_reference unique (oid);
alter table authoritys add constraint UK_OID_ON_authoritys unique (oid);
alter table buerger add constraint UK_OID_ON_buerger unique (oid);
alter table company_base_infos add constraint UK_OID_ON_company_base_infos unique (oid);
alter table pass add constraint UK_OID_ON_pass unique (oid);
alter table permissions add constraint UK_OID_ON_permissions unique (oid);
alter table sachbearbeiter add constraint UK_OID_ON_sachbearbeiter unique (oid);
alter table users add constraint UK_OID_ON_users unique (oid);
alter table wohnungen add constraint UK_OID_ON_wohnungen unique (oid);
alter table adresse_reference add constraint FK_adresse_reference_TO_adresse_externe foreign key (adr_externe_id) references adresse_externe;
alter table adresse_reference add constraint FK_adresse_reference_TO_adresse_interne foreign key (adr_interne_id) references adresse_interne;
alter table authoritys_permissions add constraint FK_authoritys_permissions_TO_authoritys foreign key (authority_id) references authoritys;
alter table authoritys_permissions add constraint FK_authoritys_permissions_TO_permissions foreign key (permission_id) references permissions;
alter table buerger_kinder add constraint FK_buerger_kinder_TO_kinder foreign key (kinder) references buerger;
alter table buerger_kinder add constraint FK_buerger_kinder_TO_buerger foreign key (buerger) references buerger;
alter table buerger_pass add constraint FK_buerger_pass_TO_pass foreign key (pass) references pass;
alter table buerger_pass add constraint FK_buerger_pass_TO_buerger foreign key (buerger) references buerger;
alter table buerger_sachbearbeiter add constraint FK_buerger_sachbearbeiter_TO_sachbearbeiter foreign key (sachbearbeiter) references sachbearbeiter;
alter table buerger_sachbearbeiter add constraint FK_buerger_sachbearbeiter_TO_buerger foreign key (buerger) references buerger;
alter table buerger_staatsangehoerigkeit_references add constraint FK_buerger_staatsangehoerigkeit_references_TO_staatsangehoerigkeit_reference foreign key (staatsangehoerigkeit_references) references staatsangehoerigkeit_reference;
alter table buerger_staatsangehoerigkeit_references add constraint FK_buerger_staatsangehoerigkeit_references_TO_buerger foreign key (buerger) references buerger;
alter table buerger_wohnungen add constraint FK_buerger_wohnungen_TO_wohnungen foreign key (wohnungen) references wohnungen;
alter table buerger_wohnungen add constraint FK_buerger_wohnungen_TO_buerger foreign key (buerger) references buerger;
alter table sachbearbeiter_buerger add constraint FK_sachbearbeiter_buerger_TO_sachbearbeiter foreign key (sachbearbeiter) references sachbearbeiter;
alter table sachbearbeiter_buerger add constraint FK_sachbearbeiter_buerger_TO_buerger foreign key (buerger) references buerger;
alter table company_base_infos_accounts add constraint FK_company_base_infos_accounts_TO_accounts foreign key (accounts) references accounts;
alter table company_base_infos_accounts add constraint FK_company_base_infos_accounts_TO_company_base_infos foreign key (company_base_infos) references company_base_infos;
alter table pass add constraint FK_pass_TO_staatsangehoerigkeit_reference foreign key (staatsangehoerigkeit_reference) references staatsangehoerigkeit_reference;
alter table users_accounts add constraint FK_users_accounts_TO_accounts foreign key (accounts) references accounts;
alter table users_accounts add constraint FK_users_accounts_TO_users foreign key (users) references users;
alter table users_authoritys add constraint FK_users_authoritys_TO_users foreign key (user_id) references users;
alter table users_authoritys add constraint FK_users_authoritys_TO_authoritys foreign key (authority_id) references authoritys;
alter table wohnungen add constraint FK_wohnungen_TO_adresse_reference foreign key (adresse_id) references adresse_reference;

insert into users ( ID,user_email, user_enabled, oid, user_password, user_username,mandant) values (1,'hans2@test.de',TRUE,'oid','test2','hans2','default');
insert into users ( ID,user_email, user_enabled, oid, user_password, user_username,mandant) values (2,'hans@test.de',TRUE,'oid1','test','hans','test');
insert into users ( ID,user_email, user_enabled, oid, user_password, user_username,mandant) values (3,'franz@test.de',TRUE,'oid2','test','franz','default');
insert into users ( ID,user_email, user_enabled, oid, user_password, user_username,mandant) values (4,'rene.zarwel@muenchen.de',TRUE,'oid3',null,'rene.zarwel','default');
insert into users ( ID,user_email, user_enabled, oid, user_password, user_username,mandant) values (5,'p.mueller@muenchen.de',TRUE,'oid4',null,'p.mueller','default');
insert into users ( ID,user_email, user_enabled, oid, user_password, user_username,mandant) values (6,'maximilian.schug@muenchen.de',TRUE,'oid5',null,'maximilian.schug','default');
insert into users ( ID,user_email, user_enabled, oid, user_password, user_username,mandant) values (7,'arne.schoentag@muenchen.de',TRUE,'oid6',null,'arne.schoentag','default');
insert into users ( ID,user_email, user_enabled, oid, user_password, user_username,mandant) values (8,'maximilian.zollbrecht@muenchen.de',TRUE,'oid7',null,'maximilian.zollbrecht','default');
insert into users ( ID,user_email, user_enabled, oid, user_password, user_username,mandant) values (9,'praktikant.tmar@muenchen.de',TRUE,'oid8',null,'praktikant.tmar','default');
insert into users ( ID,user_email, user_enabled, oid, user_password, user_username,mandant) values (10,'claus.straube@muenchen.de',TRUE,'oid9',null,'claus.straube','default');
insert into users ( ID,user_email, user_enabled, oid, user_password, user_username,mandant) values (11,'m.kurz@muenchen.de',TRUE,'oid10',null,'m.kurz','default');
insert into users ( ID,user_email, user_enabled, oid, user_password, user_username,mandant) values (12,'sebastian.schoebel@muenchen.de',TRUE,'oid11',null,'sebastian.schoebel','default');
insert into users ( ID,user_email, user_enabled, oid, user_password, user_username,mandant) values (13,'fabian.holtkoetter@muenchen.de',TRUE,'oid12',null,'fabian.holtkoetter','default');
insert into users (id, user_email, user_enabled, mandant, oid, user_password, user_username) values ('14','user1@muenchen.de',TRUE,'test','oid14','user14','user14');
insert into users (id, user_email, user_enabled, mandant, oid, user_password, user_username) values ('15','user1@muenchen.de',TRUE,'test','oid15','user15','user15');
insert into users (id, user_email, user_enabled, mandant, oid, user_password, user_username) values ('16','user1@muenchen.de',TRUE,'test','oid16','user16','user16');
insert into users (id, user_email, user_enabled, mandant, oid, user_password, user_username) values ('17','user1@muenchen.de',TRUE,'test','oid17','user17','user17');
insert into users (id, user_email, user_enabled, mandant, oid, user_password, user_username) values ('18','user1@muenchen.de',TRUE,'test','oid18','user18','user18');
insert into users (id, user_email, user_enabled, mandant, oid, user_password, user_username) values ('19','user1@muenchen.de',TRUE,'test','oid19','user19','user19');
insert into users (id, user_email, user_enabled, mandant, oid, user_password, user_username) values ('20','user1@muenchen.de',TRUE,'test','oid20','user20','user20');
insert into users (id, user_email, user_enabled, mandant, oid, user_password, user_username) values ('21','user1@muenchen.de',TRUE,'test','oid21','user21','user21');
insert into users (id, user_email, user_enabled, mandant, oid, user_password, user_username) values ('22','user1@muenchen.de',TRUE,'test','oid22','user22','user22');
insert into users (id, user_email, user_enabled, mandant, oid, user_password, user_username) values ('23','user1@muenchen.de',TRUE,'test','oid23','user23','user23');
insert into users (id, user_email, user_enabled, mandant, oid, user_password, user_username) values ('24','user1@muenchen.de',TRUE,'test','oid24','user24','user24');
insert into users (id, user_email, user_enabled, mandant, oid, user_password, user_username) values ('25','user1@muenchen.de',TRUE,'test','oid25','user25','user25');
insert into users (id, user_email, user_enabled, mandant, oid, user_password, user_username) values ('26','user1@muenchen.de',TRUE,'test','oid26','user26','user26');
insert into users (id, user_email, user_enabled, mandant, oid, user_password, user_username) values ('27','user1@muenchen.de',TRUE,'test','oid27','user27','user27');
insert into users (id, user_email, user_enabled, mandant, oid, user_password, user_username) values ('28','user1@muenchen.de',TRUE,'test','oid28','user28','user28');
insert into users (id, user_email, user_enabled, mandant, oid, user_password, user_username) values ('29','user1@muenchen.de',TRUE,'test','oid29','user29','user29');
insert  into authoritys (id, oid, auth_authority) values ('2','2','ADMIN');
insert into authoritys (id, oid, auth_authority) values ('3', '3', 'ADMIN');
insert into authoritys (id, oid, auth_authority) values ('9000','OIDM2_AUTHORITY001','USER1');
insert into authoritys (id, oid, auth_authority) values ('9001','OIDM2_AUTHORITY002','USER2');
insert into authoritys (id, oid, auth_authority) values ('9002','OIDM2_AUTHORITY003','USER3');
insert into authoritys (id, oid, auth_authority) values ('9003','OIDM2_AUTHORITY004','USER4');
insert into authoritys (id, oid, auth_authority) values ('9004','OIDM2_AUTHORITY005','USER5');
insert into authoritys (id, oid, auth_authority) values ('9005','OIDM2_AUTHORITY006','USER6');
insert into authoritys (id, oid, auth_authority) values ('9006','OIDM2_AUTHORITY007','USER7');
insert into authoritys (id, oid, auth_authority) values ('9007','OIDM2_AUTHORITY008','USER8');
insert into authoritys (id, oid, auth_authority) values ('9008','OIDM2_AUTHORITY009','USER9');
insert into authoritys (id, oid, auth_authority) values ('9009','OIDM2_AUTHORITY010','USER10');
insert into authoritys (id, oid, auth_authority) values ('9010','OIDM2_AUTHORITY011','USER11');
insert into authoritys (id, oid, auth_authority) values ('9011','OIDM2_AUTHORITY012','USER12');
insert into authoritys (id, oid, auth_authority) values ('9012','OIDM2_AUTHORITY013','USER13');
insert into authoritys (id, oid, auth_authority) values ('9013','OIDM2_AUTHORITY014','USER14');
insert into authoritys (id, oid, auth_authority) values ('9014','OIDM2_AUTHORITY015','USER15');
insert into authoritys (id, oid, auth_authority) values ('9015','OIDM2_AUTHORITY016','USER16');
insert into authoritys (id, oid, auth_authority) values ('9016','OIDM2_AUTHORITY017','USER17');
insert into authoritys (id, oid, auth_authority) values ('9017','OIDM2_AUTHORITY018','USER18');
insert into authoritys (id, oid, auth_authority) values ('9018','OIDM2_AUTHORITY019','USER19');
insert into authoritys (id, oid, auth_authority) values ('9019','OIDM2_AUTHORITY020','USER20');
insert into permissions (id,perm_permission,oid) values ('1000','ROLE_READ_Wohnung','1000');
insert into permissions (id,perm_permission,oid) values ('1001','ROLE_READ_StaatsangehoerigkeitReference','1001');
insert into permissions (id,perm_permission,oid) values ('1002','ROLE_READ_Sachbearbeiter','1002');
insert into permissions (id,perm_permission,oid) values ('1003','ROLE_READ_Pass','1003');
insert into permissions (id,perm_permission,oid) values ('1005','ROLE_READ_Buerger','1005');
insert into permissions (id,perm_permission,oid) values ('1006','ROLE_READ_AdresseReference','1006');
insert into permissions (id,perm_permission,oid) values ('1007','ROLE_READ_AdresseInterne','1007');
insert into permissions (id,perm_permission,oid) values ('1008','ROLE_READ_AdresseExterne','1008');
insert into permissions (id,perm_permission,oid) values ('2000','ROLE_WRITE_Wohnung','2000');
insert into permissions (id,perm_permission,oid) values ('2001','ROLE_WRITE_StaatsangehoerigkeitReference','2001');
insert into permissions (id,perm_permission,oid) values ('2002','ROLE_WRITE_Sachbearbeiter','2002');
insert into permissions (id,perm_permission,oid) values ('2003','ROLE_WRITE_Pass','2003');
insert into permissions (id,perm_permission,oid) values ('2005','ROLE_WRITE_Buerger','2005');
insert into permissions (id,perm_permission,oid) values ('2006','ROLE_WRITE_AdresseReference','2006');
insert into permissions (id,perm_permission,oid) values ('2007','ROLE_WRITE_AdresseInterne','2007');
insert into permissions (id,perm_permission,oid) values ('2008','ROLE_WRITE_AdresseExterne','2008');
insert into permissions (id,perm_permission,oid) values ('3000','ROLE_DELETE_Wohnung','3000');
insert into permissions (id,perm_permission,oid) values ('3001','ROLE_DELETE_StaatsangehoerigkeitReference','3001');
insert into permissions (id,perm_permission,oid) values ('3002','ROLE_DELETE_Sachbearbeiter','3002');
insert into permissions (id,perm_permission,oid) values ('3003','ROLE_DELETE_Pass','3003');
insert into permissions (id,perm_permission,oid) values ('3005','ROLE_DELETE_Buerger','3005');
insert into permissions (id,perm_permission,oid) values ('3006','ROLE_DELETE_AdresseReference','3006');
insert into permissions (id,perm_permission,oid) values ('3007','ROLE_DELETE_AdresseInterne','3007');
insert into permissions (id,perm_permission,oid) values ('3008','ROLE_DELETE_AdresseExterne','3008');
--Permission Test
insert into permissions (id,perm_permission,oid) values ('500','PERM1','OIDM_PERMISSION001');
insert into permissions (id,perm_permission,oid) values ('501','PERM2','OIDM_PERMISSION002');
insert into permissions (id,perm_permission,oid) values ('502','PERM3','OIDM_PERMISSION003');
insert into permissions (id,perm_permission,oid) values ('503','PERM4','OIDM_PERMISSION004');
insert into permissions (id,perm_permission,oid) values ('504','PERM5','OIDM_PERMISSION005');
insert into permissions (id,perm_permission,oid) values ('505','PERM6','OIDM_PERMISSION006');
insert into permissions (id,perm_permission,oid) values ('506','PERM7','OIDM_PERMISSION007');
insert into permissions (id,perm_permission,oid) values ('507','PERM8','OIDM_PERMISSION008');
insert into permissions (id,perm_permission,oid) values ('508','PERM9','OIDM_PERMISSION009');
insert into permissions (id,perm_permission,oid) values ('509','PERM10','OIDM_PERMISSION010');
insert into permissions (id,perm_permission,oid) values ('510','PERM11','OIDM_PERMISSION011');
insert into permissions (id,perm_permission,oid) values ('511','PERM12','OIDM_PERMISSION012');
insert into permissions (id,perm_permission,oid) values ('512','PERM13','OIDM_PERMISSION013');
insert into permissions (id,perm_permission,oid) values ('513','PERM14','OIDM_PERMISSION014');
insert into permissions (id,perm_permission,oid) values ('514','PERM15','OIDM_PERMISSION015');
insert into permissions (id,perm_permission,oid) values ('515','PERM16','OIDM_PERMISSION016');
insert into permissions (id,perm_permission,oid) values ('516','PERM17','OIDM_PERMISSION017');
insert into permissions (id,perm_permission,oid) values ('517','PERM18','OIDM_PERMISSION018');
insert into permissions (id,perm_permission,oid) values ('518','PERM19','OIDM_PERMISSION019');
insert into permissions (id,perm_permission,oid) values ('519','PERM20','OIDM_PERMISSION020');
insert into authoritys_permissions (authority_id, permission_id) values ('2','1000');
insert into authoritys_permissions (authority_id, permission_id) values ('2','1001');
insert into authoritys_permissions (authority_id, permission_id) values ('2','1002');
insert into authoritys_permissions (authority_id, permission_id) values ('2','1003');
insert into authoritys_permissions (authority_id, permission_id) values ('2','1005');
insert into authoritys_permissions (authority_id, permission_id) values ('2','1006');
insert into authoritys_permissions (authority_id, permission_id) values ('2','1007');
insert into authoritys_permissions (authority_id, permission_id) values ('2','1008');
insert into authoritys_permissions (authority_id, permission_id) values ('2','2000');
insert into authoritys_permissions (authority_id, permission_id) values ('2','2001');
insert into authoritys_permissions (authority_id, permission_id) values ('2','2002');
insert into authoritys_permissions (authority_id, permission_id) values ('2','2003');
insert into authoritys_permissions (authority_id, permission_id) values ('2','2005');
insert into authoritys_permissions (authority_id, permission_id) values ('2','2006');
insert into authoritys_permissions (authority_id, permission_id) values ('2','2007');
insert into authoritys_permissions (authority_id, permission_id) values ('2','2008');
insert into authoritys_permissions (authority_id, permission_id) values ('2','3000');
insert into authoritys_permissions (authority_id, permission_id) values ('2','3001');
insert into authoritys_permissions (authority_id, permission_id) values ('2','3002');
insert into authoritys_permissions (authority_id, permission_id) values ('2','3003');
insert into authoritys_permissions (authority_id, permission_id) values ('2','3005');
insert into authoritys_permissions (authority_id, permission_id) values ('2','3006');
insert into authoritys_permissions (authority_id, permission_id) values ('2','3007');
insert into authoritys_permissions (authority_id, permission_id) values ('2','3008');
insert into authoritys_permissions (authority_id, permission_id) values ('9001','500');
insert into authoritys_permissions (authority_id, permission_id) values ('9001','501');
insert into authoritys_permissions (authority_id, permission_id) values ('9001','502');
insert into authoritys_permissions (authority_id, permission_id) values ('9001','503');
insert into authoritys_permissions (authority_id, permission_id) values ('9001','504');
insert into authoritys_permissions (authority_id, permission_id) values ('9001','505');
insert into authoritys_permissions (authority_id, permission_id) values ('9001','506');
insert into authoritys_permissions (authority_id, permission_id) values ('9001','507');
insert into authoritys_permissions (authority_id, permission_id) values ('9001','508');
insert into authoritys_permissions (authority_id, permission_id) values ('9001','509');
insert into authoritys_permissions (authority_id, permission_id) values ('9001','510');
insert into users_authoritys (authority_id, user_id) values (2, 1);
insert into users_authoritys (authority_id, user_id) values (2, 2);
insert into users_authoritys (authority_id, user_id) values (2, 3);
insert into users_authoritys (authority_id, user_id) values (2, 4);
insert into users_authoritys (authority_id, user_id) values (2, 5);
insert into users_authoritys (authority_id, user_id) values (2, 6);
insert into users_authoritys (authority_id, user_id) values (2, 7);
insert into users_authoritys (authority_id, user_id) values (2, 8);
insert into users_authoritys (authority_id, user_id) values (2, 9);
insert into users_authoritys (authority_id, user_id) values (2, 10);
insert into users_authoritys (authority_id, user_id) values (2, 11);
insert into users_authoritys (authority_id, user_id) values (2, 12);
insert into users_authoritys (authority_id, user_id) values (2, 13);
insert into users_authoritys (authority_id, user_id) values ('9000','14');
insert into users_authoritys (authority_id, user_id) values ('9007','15');
insert into users_authoritys (authority_id, user_id) values ('9002','16');
insert into users_authoritys (authority_id, user_id) values ('9002','17');
insert into users_authoritys (authority_id, user_id) values ('9002','18');
insert into users_authoritys (authority_id, user_id) values ('9003','19');
insert into users_authoritys (authority_id, user_id) values ('9004','20');
insert into users_authoritys (authority_id, user_id) values ('9006','21');
insert into users_authoritys (authority_id, user_id) values ('9006','22');
insert into users_authoritys (authority_id, user_id) values ('9008','23');
insert into users_authoritys (authority_id, user_id) values ('9010','24');
insert into users_authoritys (authority_id, user_id) values ('9008','25');
insert into users_authoritys (authority_id, user_id) values ('9002','26');
insert into users_authoritys (authority_id, user_id) values ('9001','27');
insert into users_authoritys (authority_id, user_id) values ('9003','28');
insert into users_authoritys (authority_id, user_id) values ('9005','29');



insert into buerger (id, oid, buer_nachname, buer_vorname, mandant) values (2, '2','test','franz','test');
insert into buerger (id, oid, buer_nachname, buer_vorname, mandant) values (3, '3','test','hans','test');
insert into buerger (id, oid, buer_nachname, buer_vorname, mandant, buer_geburtsdatum) values (4, 'OID1','hans','peter','test', '1966-12-24');
insert into buerger (id, oid, buer_nachname, buer_vorname, mandant, buer_geburtsdatum) values (5, 'OID2','hans','peter','test', '1966-12-24');
insert into buerger (id, oid, buer_nachname, buer_vorname, mandant, buer_geburtsdatum) values (6, 'OID3','hans','peter','test', '1966-12-24');
insert into buerger (id, oid, buer_nachname, buer_vorname, mandant, buer_geburtsdatum) values (7, 'OID4','hans','peter','test', '1966-12-24');
insert into buerger (id, oid, buer_nachname, buer_vorname, mandant, buer_geburtsdatum) values (8, 'OID5','hans','peter','test', '1966-12-24');
insert into buerger (id, oid, buer_nachname, buer_vorname, mandant, buer_geburtsdatum) values (9, 'OID6','hans','peter','test', '1966-12-24');
insert into buerger (id, oid, buer_nachname, buer_vorname, mandant, buer_geburtsdatum) values (1, '1','Zarwel','Rene','test', '1987-10-21');
-- ############
-- Testdaten
-- ############
-- Bürger
insert into BUERGER (ID, OID, BUER_VORNAME, BUER_NACHNAME, BUER_GEBURTSDATUM, MANDANT) values ('2000','OIDM2_BUERGER001','Hans001','Test','2000-12-24','test');
insert into BUERGER (ID, OID, BUER_VORNAME, BUER_NACHNAME, BUER_GEBURTSDATUM, MANDANT) values ('2001','OIDM2_BUERGER002','Hans002','Test','2000-12-24','test');
insert into BUERGER (ID, OID, BUER_VORNAME, BUER_NACHNAME, BUER_GEBURTSDATUM, MANDANT) values ('2002','OIDM2_BUERGER003','Hans003','Test','2000-12-24','test');
insert into BUERGER (ID, OID, BUER_VORNAME, BUER_NACHNAME, BUER_GEBURTSDATUM, MANDANT) values ('2003','OIDM2_BUERGER004','Hans004','Test','2000-12-24','test');
insert into BUERGER (ID, OID, BUER_VORNAME, BUER_NACHNAME, BUER_GEBURTSDATUM, MANDANT) values ('2004','OIDM2_BUERGER005','Hans005','Test','2000-12-24','test');
insert into BUERGER (ID, OID, BUER_VORNAME, BUER_NACHNAME, BUER_GEBURTSDATUM, MANDANT) values ('2005','OIDM2_BUERGER006','Paula001','Test','2000-12-24','test');
insert into BUERGER (ID, OID, BUER_VORNAME, BUER_NACHNAME, BUER_GEBURTSDATUM, MANDANT) values ('2006','OIDM2_BUERGER007','Paula002','Test','2000-12-24','test');
insert into BUERGER (ID, OID, BUER_VORNAME, BUER_NACHNAME, BUER_GEBURTSDATUM, MANDANT) values ('2007','OIDM2_BUERGER008','Paula003','Huber','2000-12-24','test');
insert into BUERGER (ID, OID, BUER_VORNAME, BUER_NACHNAME, BUER_GEBURTSDATUM, MANDANT) values ('2008','OIDM2_BUERGER009','Paula004','Huber','2000-12-24','test');
insert into BUERGER (ID, OID, BUER_VORNAME, BUER_NACHNAME, BUER_GEBURTSDATUM, MANDANT) values ('2009','OIDM2_BUERGER010','Paula005','Huber','2000-12-24','test');
insert into BUERGER (ID, OID, BUER_VORNAME, BUER_NACHNAME, BUER_GEBURTSDATUM, MANDANT) values ('2010','OIDM2_BUERGER011','Paula005','Huber','2000-12-24','test');
insert into BUERGER (ID, OID, BUER_VORNAME, BUER_NACHNAME, BUER_GEBURTSDATUM, MANDANT) values ('2011','OIDM2_BUERGER012','Paula005','Huber','2000-12-24','test');
insert into BUERGER (ID, OID, BUER_VORNAME, BUER_NACHNAME, BUER_GEBURTSDATUM, MANDANT) values ('2012','OIDM2_BUERGER013','Paula005','Huber','2000-12-24','test');
insert into BUERGER (ID, OID, BUER_VORNAME, BUER_NACHNAME, BUER_GEBURTSDATUM, MANDANT) values ('2013','OIDM2_BUERGER014','Paula005','Huber','2000-12-24','test');
insert into BUERGER (ID, OID, BUER_VORNAME, BUER_NACHNAME, BUER_GEBURTSDATUM, MANDANT) values ('2014','OIDM2_BUERGER015','Paula005','Huber','2000-12-24','test');
insert into BUERGER (ID, OID, BUER_VORNAME, BUER_NACHNAME, BUER_GEBURTSDATUM, MANDANT) values ('2015','OIDM2_BUERGER016','Paula005','Huber','2000-12-24','test');
insert into BUERGER (ID, OID, BUER_VORNAME, BUER_NACHNAME, BUER_GEBURTSDATUM, MANDANT) values ('2016','OIDM2_BUERGER017','Paula005','Huber','2000-12-24','test');
insert into BUERGER (ID, OID, BUER_VORNAME, BUER_NACHNAME, BUER_GEBURTSDATUM, MANDANT) values ('2017','OIDM2_BUERGER018','Paula005','Huber','2000-12-24','test');
insert into BUERGER (ID, OID, BUER_VORNAME, BUER_NACHNAME, BUER_GEBURTSDATUM, MANDANT) values ('2018','OIDM2_BUERGER019','Paula005','Huber','2000-12-24','test');
insert into BUERGER (ID, OID, BUER_VORNAME, BUER_NACHNAME, BUER_GEBURTSDATUM, MANDANT) values ('2019','OIDM2_BUERGER020','Paula005','Huber','2000-12-24','test');
insert into BUERGER (ID, OID, BUER_VORNAME, BUER_NACHNAME, BUER_GEBURTSDATUM, MANDANT) values ('2020','OIDM2_BUERGER021','Paula005','Huber','2000-12-24','test');
insert into BUERGER (ID, OID, BUER_VORNAME, BUER_NACHNAME, BUER_GEBURTSDATUM, MANDANT) values ('2021','OIDM2_BUERGER022','Paula005','Huber','2000-12-24','test');
insert into BUERGER (ID, OID, BUER_VORNAME, BUER_NACHNAME, BUER_GEBURTSDATUM, MANDANT) values ('2022','OIDM2_BUERGER023','Paula005','Huber','2000-12-24','test');
insert into BUERGER (ID, OID, BUER_VORNAME, BUER_NACHNAME, BUER_GEBURTSDATUM, MANDANT) values ('2023','OIDM2_BUERGER024','Paula005','Huber','2000-12-24','test');
insert into BUERGER (ID, OID, BUER_VORNAME, BUER_NACHNAME, BUER_GEBURTSDATUM, MANDANT) values ('2024','OIDM2_BUERGER025','Paula005','Huber','2000-12-24','test');
insert into BUERGER (ID, OID, BUER_VORNAME, BUER_NACHNAME, BUER_GEBURTSDATUM, MANDANT) values ('2025','OIDM2_BUERGER026','Paula005','Huber','2000-12-24','test');
insert into BUERGER (ID, OID, BUER_VORNAME, BUER_NACHNAME, BUER_GEBURTSDATUM, MANDANT) values ('2026','OIDM2_BUERGER027','Paula005','Huber','2000-12-24','test');
insert into BUERGER (ID, OID, BUER_VORNAME, BUER_NACHNAME, BUER_GEBURTSDATUM, MANDANT) values ('2027','OIDM2_BUERGER028','Paula005','Huber','2000-12-24','test');
insert into BUERGER (ID, OID, BUER_VORNAME, BUER_NACHNAME, BUER_GEBURTSDATUM, MANDANT) values ('2028','OIDM2_BUERGER029','Paula005','Huber','2000-12-24','test');
insert into BUERGER (ID, OID, BUER_VORNAME, BUER_NACHNAME, BUER_GEBURTSDATUM, MANDANT) values ('2029','OIDM2_BUERGER030','Paula005','Huber','2000-12-24','test');
insert into BUERGER (ID, OID, BUER_VORNAME, BUER_NACHNAME, BUER_GEBURTSDATUM, MANDANT) values ('2030','OIDM3_BUERGER001','Hans001','Test','2000-12-24','default');
insert into BUERGER (ID, OID, BUER_VORNAME, BUER_NACHNAME, BUER_GEBURTSDATUM, MANDANT) values ('2031','OIDM3_BUERGER002','Hans002','Test','2000-12-24','default');
insert into BUERGER (ID, OID, BUER_VORNAME, BUER_NACHNAME, BUER_GEBURTSDATUM, MANDANT) values ('2032','OIDM3_BUERGER003','Hans003','Test','2000-12-24','default');
insert into BUERGER (ID, OID, BUER_VORNAME, BUER_NACHNAME, BUER_GEBURTSDATUM, MANDANT) values ('2033','OIDM3_BUERGER004','Hans004','Test','2000-12-24','default');
insert into BUERGER (ID, OID, BUER_VORNAME, BUER_NACHNAME, BUER_GEBURTSDATUM, MANDANT) values ('2034','OIDM3_BUERGER005','Hans005','Test','2000-12-24','default');
insert into BUERGER (ID, OID, BUER_VORNAME, BUER_NACHNAME, BUER_GEBURTSDATUM, MANDANT) values ('2035','OIDM3_BUERGER006','Peter006','Test','2000-12-24','default');
insert into BUERGER (ID, OID, BUER_VORNAME, BUER_NACHNAME, BUER_GEBURTSDATUM, MANDANT) values ('2036','OIDM3_BUERGER007','Peter007','Test','2000-12-24','default');
insert into BUERGER (ID, OID, BUER_VORNAME, BUER_NACHNAME, BUER_GEBURTSDATUM, MANDANT) values ('2037','OIDM3_BUERGER008','Gabi001','Schmidt','2000-12-24','default');
insert into BUERGER (ID, OID, BUER_VORNAME, BUER_NACHNAME, BUER_GEBURTSDATUM, MANDANT) values ('2038','OIDM3_BUERGER009','Gabi002','Test','2000-12-24','default');
insert into BUERGER (ID, OID, BUER_VORNAME, BUER_NACHNAME, BUER_GEBURTSDATUM, MANDANT) values ('2039','OIDM3_BUERGER010','Gabi003','Huber','2000-12-24','default');
--Staatsangehoerigkeit
insert into staatsangehoerigkeit_reference (ID, ref_oid, MANDANT) values ('5000','OIDM2_STAATS001','test');
insert into staatsangehoerigkeit_reference (ID, ref_oid, MANDANT) values ('5001','OIDM2_STAATS002','test');
insert into staatsangehoerigkeit_reference (ID, ref_oid, MANDANT) values ('5002','OIDM2_STAATS003','test');
insert into staatsangehoerigkeit_reference (ID, ref_oid, MANDANT) values ('5003','OIDM2_STAATS004','test');
insert into staatsangehoerigkeit_reference (ID, ref_oid, MANDANT) values ('5004','OIDM2_STAATS005','test');
insert into staatsangehoerigkeit_reference (ID, ref_oid, MANDANT) values ('5005','OIDM2_STAATS006','test');
insert into staatsangehoerigkeit_reference (ID, ref_oid, MANDANT) values ('5006','OIDM2_STAATS007','test');
insert into staatsangehoerigkeit_reference (ID, ref_oid, MANDANT) values ('5007','OIDM2_STAATS008','test');
insert into staatsangehoerigkeit_reference (ID, ref_oid, MANDANT) values ('5008','OIDM2_STAATS009','test');
insert into staatsangehoerigkeit_reference (ID, ref_oid, MANDANT) values ('5009','OIDM2_STAATS010','test');
insert into staatsangehoerigkeit_reference (ID, ref_oid, MANDANT) values ('5010','OIDM2_STAATS011','test');
insert into staatsangehoerigkeit_reference (ID, ref_oid, MANDANT) values ('5011','OIDM2_STAATS012','test');
insert into staatsangehoerigkeit_reference (ID, ref_oid, MANDANT) values ('5012','OIDM2_STAATS013','test');
insert into staatsangehoerigkeit_reference (ID, ref_oid, MANDANT) values ('5013','OIDM2_STAATS014','test');
insert into staatsangehoerigkeit_reference (ID, ref_oid, MANDANT) values ('5014','OIDM2_STAATS015','test');
insert into staatsangehoerigkeit_reference (ID, ref_oid, MANDANT) values ('5015','OIDM2_STAATS016','test');
insert into staatsangehoerigkeit_reference (ID, ref_oid, MANDANT) values ('5016','OIDM2_STAATS017','test');
insert into staatsangehoerigkeit_reference (ID, ref_oid, MANDANT) values ('5017','OIDM2_STAATS018','test');
insert into staatsangehoerigkeit_reference (ID, ref_oid, MANDANT) values ('5018','OIDM2_STAATS019','test');
insert into staatsangehoerigkeit_reference (ID, ref_oid, MANDANT) values ('5019','OIDM2_STAATS020','test');
insert into staatsangehoerigkeit_reference (ID, ref_oid, MANDANT) values ('5020','OIDM3_STAATS001','default');
insert into staatsangehoerigkeit_reference (ID, ref_oid, MANDANT) values ('5021','OIDM3_STAATS002','default');
insert into staatsangehoerigkeit_reference (ID, ref_oid, MANDANT) values ('5022','OIDM3_STAATS003','default');
insert into staatsangehoerigkeit_reference (ID, ref_oid, MANDANT) values ('5023','OIDM3_STAATS004','default');
insert into staatsangehoerigkeit_reference (ID, ref_oid, MANDANT) values ('5024','OIDM3_STAATS005','default');
insert into staatsangehoerigkeit_reference (ID, ref_oid, MANDANT) values ('5025','OIDM3_STAATS006','default');
insert into staatsangehoerigkeit_reference (ID, ref_oid, MANDANT) values ('5026','OIDM3_STAATS007','default');
insert into staatsangehoerigkeit_reference (ID, ref_oid, MANDANT) values ('5027','OIDM3_STAATS008','default');
insert into staatsangehoerigkeit_reference (ID, ref_oid, MANDANT) values ('5028','OIDM3_STAATS009','default');
insert into staatsangehoerigkeit_reference (ID, ref_oid, MANDANT) values ('5029','OIDM3_STAATS010','default');
insert into staatsangehoerigkeit_reference (ID, ref_oid, MANDANT) values ('5030','OIDM3_STAATS011','default');
insert into staatsangehoerigkeit_reference (ID, ref_oid, MANDANT) values ('5031','OIDM3_STAATS012','default');
-- Pass
insert into PASS (ID, OID, PASS_PASSNUMMER, PASS_TYP, PASS_KODE, PASS_GROESSE, PASS_AUGENFARBE, PASS_AUSTELLUNGSDATUM, PASS_GUELTIG_BIS, PASS_BEHOERDE, MANDANT, staatsangehoerigkeit_reference) values ('3000','OIDM2_PASS001','DE-598589647','Reisepass','DE471178','167','rot','2014-11-02','2020-11-02','M233333','2','5000');
insert into PASS (ID, OID, PASS_PASSNUMMER, PASS_TYP, PASS_KODE, PASS_GROESSE, PASS_AUGENFARBE, PASS_AUSTELLUNGSDATUM, PASS_GUELTIG_BIS, PASS_BEHOERDE, MANDANT, staatsangehoerigkeit_reference) values ('3001','OIDM2_PASS002','DE-598589646','Reisepass','DE471179','167','blau','2014-11-02','2020-11-02','M233333','2','5001');
insert into PASS (ID, OID, PASS_PASSNUMMER, PASS_TYP, PASS_KODE, PASS_GROESSE, PASS_AUGENFARBE, PASS_AUSTELLUNGSDATUM, PASS_GUELTIG_BIS, PASS_BEHOERDE, MANDANT, staatsangehoerigkeit_reference) values ('3002','OIDM2_PASS003','DE-598589645','Reisepass','DE471180','167','grün','2014-11-02','2020-11-02','M233333','2','5002');
insert into PASS (ID, OID, PASS_PASSNUMMER, PASS_TYP, PASS_KODE, PASS_GROESSE, PASS_AUGENFARBE, PASS_AUSTELLUNGSDATUM, PASS_GUELTIG_BIS, PASS_BEHOERDE, MANDANT, staatsangehoerigkeit_reference) values ('3003','OIDM2_PASS004','DE-598589644','Reisepass','DE471181','167','braun','2014-11-02','2020-11-02','M233333','2','5003');
insert into PASS (ID, OID, PASS_PASSNUMMER, PASS_TYP, PASS_KODE, PASS_GROESSE, PASS_AUGENFARBE, PASS_AUSTELLUNGSDATUM, PASS_GUELTIG_BIS, PASS_BEHOERDE, MANDANT, staatsangehoerigkeit_reference) values ('3004','OIDM2_PASS005','DE-598589643','Reisepass','DE471182','167','rot','2014-11-02','2020-11-02','M233333','2','5004');
insert into PASS (ID, OID, PASS_PASSNUMMER, PASS_TYP, PASS_KODE, PASS_GROESSE, PASS_AUGENFARBE, PASS_AUSTELLUNGSDATUM, PASS_GUELTIG_BIS, PASS_BEHOERDE, MANDANT, staatsangehoerigkeit_reference) values ('3005','OIDM2_PASS006','DE-598589642','Reisepass','DE471183','167','blau','2014-11-02','2020-11-02','M233333','2','5005');
insert into PASS (ID, OID, PASS_PASSNUMMER, PASS_TYP, PASS_KODE, PASS_GROESSE, PASS_AUGENFARBE, PASS_AUSTELLUNGSDATUM, PASS_GUELTIG_BIS, PASS_BEHOERDE, MANDANT, staatsangehoerigkeit_reference) values ('3006','OIDM2_PASS007','DE-598589641','Reisepass','DE471184','167','grün','2014-11-02','2020-11-02','M233333','2','5006');
insert into PASS (ID, OID, PASS_PASSNUMMER, PASS_TYP, PASS_KODE, PASS_GROESSE, PASS_AUGENFARBE, PASS_AUSTELLUNGSDATUM, PASS_GUELTIG_BIS, PASS_BEHOERDE, MANDANT, staatsangehoerigkeit_reference) values ('3007','OIDM2_PASS008','DE-598589640','Reisepass','DE471185','167','braun','2014-11-02','2020-11-02','M233333','2','5007');
insert into PASS (ID, OID, PASS_PASSNUMMER, PASS_TYP, PASS_KODE, PASS_GROESSE, PASS_AUGENFARBE, PASS_AUSTELLUNGSDATUM, PASS_GUELTIG_BIS, PASS_BEHOERDE, MANDANT, staatsangehoerigkeit_reference) values ('3008','OIDM2_PASS009','DE-598589639','Reisepass','DE471186','167','braun','2014-11-02','2020-11-02','M233333','2','5008');
insert into PASS (ID, OID, PASS_PASSNUMMER, PASS_TYP, PASS_KODE, PASS_GROESSE, PASS_AUGENFARBE, PASS_AUSTELLUNGSDATUM, PASS_GUELTIG_BIS, PASS_BEHOERDE, MANDANT, staatsangehoerigkeit_reference) values ('3009','OIDM2_PASS010','DE-598589638','Reisepass','DE471187','167','braun','2014-11-02','2020-11-02','M233333','2','5009');
insert into PASS (ID, OID, PASS_PASSNUMMER, PASS_TYP, PASS_KODE, PASS_GROESSE, PASS_AUGENFARBE, PASS_AUSTELLUNGSDATUM, PASS_GUELTIG_BIS, PASS_BEHOERDE, MANDANT, staatsangehoerigkeit_reference) values ('3010','OIDM2_PASS011','DE-598589637','Reisepass','DE471188','167','braun','2014-11-02','2020-11-02','M233333','2','5010');
insert into PASS (ID, OID, PASS_PASSNUMMER, PASS_TYP, PASS_KODE, PASS_GROESSE, PASS_AUGENFARBE, PASS_AUSTELLUNGSDATUM, PASS_GUELTIG_BIS, PASS_BEHOERDE, MANDANT, staatsangehoerigkeit_reference) values ('3011','OIDM2_PASS012','DE-598589636','Reisepass','DE471189','167','braun','2014-11-02','2020-11-02','M233333','2','5011');
insert into PASS (ID, OID, PASS_PASSNUMMER, PASS_TYP, PASS_KODE, PASS_GROESSE, PASS_AUGENFARBE, PASS_AUSTELLUNGSDATUM, PASS_GUELTIG_BIS, PASS_BEHOERDE, MANDANT, staatsangehoerigkeit_reference) values ('3012','OIDM2_PASS013','DE-598589635','Reisepass','DE471190','167','braun','2014-11-02','2020-11-02','M233333','2','5012');
insert into PASS (ID, OID, PASS_PASSNUMMER, PASS_TYP, PASS_KODE, PASS_GROESSE, PASS_AUGENFARBE, PASS_AUSTELLUNGSDATUM, PASS_GUELTIG_BIS, PASS_BEHOERDE, MANDANT, staatsangehoerigkeit_reference) values ('3013','OIDM2_PASS014','DE-598589634','Reisepass','DE471191','167','braun','2014-11-02','2020-11-02','M233333','2','5013');
insert into PASS (ID, OID, PASS_PASSNUMMER, PASS_TYP, PASS_KODE, PASS_GROESSE, PASS_AUGENFARBE, PASS_AUSTELLUNGSDATUM, PASS_GUELTIG_BIS, PASS_BEHOERDE, MANDANT, staatsangehoerigkeit_reference) values ('3014','OIDM2_PASS015','DE-598589633','Reisepass','DE471192','167','braun','2014-11-02','2020-11-02','M233333','2','5014');
insert into PASS (ID, OID, PASS_PASSNUMMER, PASS_TYP, PASS_KODE, PASS_GROESSE, PASS_AUGENFARBE, PASS_AUSTELLUNGSDATUM, PASS_GUELTIG_BIS, PASS_BEHOERDE, MANDANT, staatsangehoerigkeit_reference) values ('3015','OIDM2_PASS016','DE-598589632','Reisepass','DE471193','167','braun','2014-11-02','2020-11-02','M233333','2','5015');
insert into PASS (ID, OID, PASS_PASSNUMMER, PASS_TYP, PASS_KODE, PASS_GROESSE, PASS_AUGENFARBE, PASS_AUSTELLUNGSDATUM, PASS_GUELTIG_BIS, PASS_BEHOERDE, MANDANT, staatsangehoerigkeit_reference) values ('3016','OIDM2_PASS017','DE-598589631','Reisepass','DE471194','167','braun','2014-11-02','2020-11-02','M233333','2','5016');
insert into PASS (ID, OID, PASS_PASSNUMMER, PASS_TYP, PASS_KODE, PASS_GROESSE, PASS_AUGENFARBE, PASS_AUSTELLUNGSDATUM, PASS_GUELTIG_BIS, PASS_BEHOERDE, MANDANT, staatsangehoerigkeit_reference) values ('3017','OIDM2_PASS018','DE-598589630','Reisepass','DE471195','167','braun','2014-11-02','2020-11-02','M233333','2','5017');
insert into PASS (ID, OID, PASS_PASSNUMMER, PASS_TYP, PASS_KODE, PASS_GROESSE, PASS_AUGENFARBE, PASS_AUSTELLUNGSDATUM, PASS_GUELTIG_BIS, PASS_BEHOERDE, MANDANT, staatsangehoerigkeit_reference) values ('3018','OIDM2_PASS019','DE-598589629','Reisepass','DE471196','167','braun','2014-11-02','2020-11-02','M233333','2','5018');
insert into PASS (ID, OID, PASS_PASSNUMMER, PASS_TYP, PASS_KODE, PASS_GROESSE, PASS_AUGENFARBE, PASS_AUSTELLUNGSDATUM, PASS_GUELTIG_BIS, PASS_BEHOERDE, MANDANT, staatsangehoerigkeit_reference) values ('3019','OIDM2_PASS020','DE-598589628','Reisepass','DE471197','167','braun','2014-11-02','2020-11-02','M233333','2','5019');
insert into PASS (ID, OID, PASS_PASSNUMMER, PASS_TYP, PASS_KODE, PASS_GROESSE, PASS_AUGENFARBE, PASS_AUSTELLUNGSDATUM, PASS_GUELTIG_BIS, PASS_BEHOERDE, MANDANT) values ('3020','OIDM2_PASS021','DE-598589627','Reisepass','DE471198','167','braun','2014-11-02','2020-11-02','M233333','test');
insert into PASS (ID, OID, PASS_PASSNUMMER, PASS_TYP, PASS_KODE, PASS_GROESSE, PASS_AUGENFARBE, PASS_AUSTELLUNGSDATUM, PASS_GUELTIG_BIS, PASS_BEHOERDE, MANDANT) values ('3021','OIDM2_PASS022','DE-598589626','Reisepass','DE471199','167','braun','2014-11-02','2020-11-02','M233333','test');
insert into PASS (ID, OID, PASS_PASSNUMMER, PASS_TYP, PASS_KODE, PASS_GROESSE, PASS_AUGENFARBE, PASS_AUSTELLUNGSDATUM, PASS_GUELTIG_BIS, PASS_BEHOERDE, MANDANT) values ('3022','OIDM2_PASS023','DE-598589625','Reisepass','DE471200','167','braun','2014-11-02','2020-11-02','M233333','test');
insert into PASS (ID, OID, PASS_PASSNUMMER, PASS_TYP, PASS_KODE, PASS_GROESSE, PASS_AUGENFARBE, PASS_AUSTELLUNGSDATUM, PASS_GUELTIG_BIS, PASS_BEHOERDE, MANDANT) values ('3023','OIDM2_PASS024','DE-598589624','Reisepass','DE471201','167','braun','2014-11-02','2020-11-02','M233333','test');
insert into PASS (ID, OID, PASS_PASSNUMMER, PASS_TYP, PASS_KODE, PASS_GROESSE, PASS_AUGENFARBE, PASS_AUSTELLUNGSDATUM, PASS_GUELTIG_BIS, PASS_BEHOERDE, MANDANT) values ('3024','OIDM2_PASS025','DE-598589623','Reisepass','DE471202','167','braun','2014-11-02','2020-11-02','M233333','test');
insert into PASS (ID, OID, PASS_PASSNUMMER, PASS_TYP, PASS_KODE, PASS_GROESSE, PASS_AUGENFARBE, PASS_AUSTELLUNGSDATUM, PASS_GUELTIG_BIS, PASS_BEHOERDE, MANDANT) values ('3025','OIDM2_PASS026','DE-598589622','Reisepass','DE471203','167','braun','2014-11-02','2020-11-02','M233333','test');
insert into PASS (ID, OID, PASS_PASSNUMMER, PASS_TYP, PASS_KODE, PASS_GROESSE, PASS_AUGENFARBE, PASS_AUSTELLUNGSDATUM, PASS_GUELTIG_BIS, PASS_BEHOERDE, MANDANT) values ('3026','OIDM2_PASS027','DE-598589621','Reisepass','DE471204','167','braun','2014-11-02','2020-11-02','M233333','test');
insert into PASS (ID, OID, PASS_PASSNUMMER, PASS_TYP, PASS_KODE, PASS_GROESSE, PASS_AUGENFARBE, PASS_AUSTELLUNGSDATUM, PASS_GUELTIG_BIS, PASS_BEHOERDE, MANDANT) values ('3027','OIDM2_PASS028','DE-598589620','Reisepass','DE471205','167','braun','2014-11-02','2020-11-02','M233333','test');
insert into PASS (ID, OID, PASS_PASSNUMMER, PASS_TYP, PASS_KODE, PASS_GROESSE, PASS_AUGENFARBE, PASS_AUSTELLUNGSDATUM, PASS_GUELTIG_BIS, PASS_BEHOERDE, MANDANT) values ('3028','OIDM2_PASS029','DE-598589619','Reisepass','DE471206','167','braun','2014-11-02','2020-11-02','M233333','test');
insert into PASS (ID, OID, PASS_PASSNUMMER, PASS_TYP, PASS_KODE, PASS_GROESSE, PASS_AUGENFARBE, PASS_AUSTELLUNGSDATUM, PASS_GUELTIG_BIS, PASS_BEHOERDE, MANDANT) values ('3029','OIDM2_PASS030','DE-598589618','Reisepass','DE471207','167','braun','2014-11-02','2020-11-02','M233333','test');
insert into PASS (ID, OID, PASS_PASSNUMMER, PASS_TYP, PASS_KODE, PASS_GROESSE, PASS_AUGENFARBE, PASS_AUSTELLUNGSDATUM, PASS_GUELTIG_BIS, PASS_BEHOERDE, MANDANT) values ('3030','OIDM2_PASS031','DE-598589617','Reisepass','DE471208','167','braun','2014-11-02','2020-11-02','M233333','test');
insert into PASS (ID, OID, PASS_PASSNUMMER, PASS_TYP, PASS_KODE, PASS_GROESSE, PASS_AUGENFARBE, PASS_AUSTELLUNGSDATUM, PASS_GUELTIG_BIS, PASS_BEHOERDE, MANDANT) values ('3031','OIDM2_PASS032','DE-598589616','Reisepass','DE471209','167','braun','2014-11-02','2020-11-02','M233333','test');
insert into PASS (ID, OID, PASS_PASSNUMMER, PASS_TYP, PASS_KODE, PASS_GROESSE, PASS_AUGENFARBE, PASS_AUSTELLUNGSDATUM, PASS_GUELTIG_BIS, PASS_BEHOERDE, MANDANT) values ('3032','OIDM2_PASS033','DE-598589615','Reisepass','DE471210','167','braun','2014-11-02','2020-11-02','M233333','test');
insert into PASS (ID, OID, PASS_PASSNUMMER, PASS_TYP, PASS_KODE, PASS_GROESSE, PASS_AUGENFARBE, PASS_AUSTELLUNGSDATUM, PASS_GUELTIG_BIS, PASS_BEHOERDE, MANDANT) values ('3033','OIDM2_PASS034','DE-598589614','Reisepass','DE471211','167','braun','2014-11-02','2020-11-02','M233333','test');
insert into PASS (ID, OID, PASS_PASSNUMMER, PASS_TYP, PASS_KODE, PASS_GROESSE, PASS_AUGENFARBE, PASS_AUSTELLUNGSDATUM, PASS_GUELTIG_BIS, PASS_BEHOERDE, MANDANT) values ('3034','OIDM2_PASS035','DE-598589613','Reisepass','DE471212','167','braun','2014-11-02','2020-11-02','M233333','test');
insert into PASS (ID, OID, PASS_PASSNUMMER, PASS_TYP, PASS_KODE, PASS_GROESSE, PASS_AUGENFARBE, PASS_AUSTELLUNGSDATUM, PASS_GUELTIG_BIS, PASS_BEHOERDE, MANDANT) values ('3035','OIDM2_PASS036','DE-598589612','Reisepass','DE471213','167','braun','2014-11-02','2020-11-02','M233333','test');
insert into PASS (ID, OID, PASS_PASSNUMMER, PASS_TYP, PASS_KODE, PASS_GROESSE, PASS_AUGENFARBE, PASS_AUSTELLUNGSDATUM, PASS_GUELTIG_BIS, PASS_BEHOERDE, MANDANT) values ('3036','OIDM2_PASS037','DE-598589611','Reisepass','DE471214','167','braun','2014-11-02','2020-11-02','M233333','test');
insert into PASS (ID, OID, PASS_PASSNUMMER, PASS_TYP, PASS_KODE, PASS_GROESSE, PASS_AUGENFARBE, PASS_AUSTELLUNGSDATUM, PASS_GUELTIG_BIS, PASS_BEHOERDE, MANDANT) values ('3037','OIDM2_PASS038','DE-598589610','Reisepass','DE471215','167','braun','2014-11-02','2020-11-02','M233333','test');
insert into PASS (ID, OID, PASS_PASSNUMMER, PASS_TYP, PASS_KODE, PASS_GROESSE, PASS_AUGENFARBE, PASS_AUSTELLUNGSDATUM, PASS_GUELTIG_BIS, PASS_BEHOERDE, MANDANT) values ('3038','OIDM2_PASS039','DE-598589609','Reisepass','DE471216','167','braun','2014-11-02','2020-11-02','M233333','test');
insert into PASS (ID, OID, PASS_PASSNUMMER, PASS_TYP, PASS_KODE, PASS_GROESSE, PASS_AUGENFARBE, PASS_AUSTELLUNGSDATUM, PASS_GUELTIG_BIS, PASS_BEHOERDE, MANDANT) values ('3039','OIDM2_PASS040','DE-598589608','Reisepass','DE471217','167','braun','2014-11-02','2020-11-02','M233333','test');
insert into PASS (ID, OID, PASS_PASSNUMMER, PASS_TYP, PASS_KODE, PASS_GROESSE, PASS_AUGENFARBE, PASS_AUSTELLUNGSDATUM, PASS_GUELTIG_BIS, PASS_BEHOERDE, MANDANT) values ('3040','OIDM2_PASS041','DE-598589607','Reisepass','DE471218','167','braun','2014-11-02','2020-11-02','M233333','test');
insert into PASS (ID, OID, PASS_PASSNUMMER, PASS_TYP, PASS_KODE, PASS_GROESSE, PASS_AUGENFARBE, PASS_AUSTELLUNGSDATUM, PASS_GUELTIG_BIS, PASS_BEHOERDE, MANDANT) values ('3041','OIDM3_PASS009','DE-598589639','Reisepass','DE471219','167','braun','2014-11-02','2020-11-02','M233333','default');
insert into PASS (ID, OID, PASS_PASSNUMMER, PASS_TYP, PASS_KODE, PASS_GROESSE, PASS_AUGENFARBE, PASS_AUSTELLUNGSDATUM, PASS_GUELTIG_BIS, PASS_BEHOERDE, MANDANT) values ('3042','OIDM3_PASS010','DE-598589638','Reisepass','DE471220','167','braun','2014-11-02','2020-11-02','M233333','default');
insert into PASS (ID, OID, PASS_PASSNUMMER, PASS_TYP, PASS_KODE, PASS_GROESSE, PASS_AUGENFARBE, PASS_AUSTELLUNGSDATUM, PASS_GUELTIG_BIS, PASS_BEHOERDE, MANDANT) values ('3043','OIDM3_PASS011','DE-598589637','Reisepass','DE471221','167','braun','2014-11-02','2020-11-02','M233333','default');
insert into PASS (ID, OID, PASS_PASSNUMMER, PASS_TYP, PASS_KODE, PASS_GROESSE, PASS_AUGENFARBE, PASS_AUSTELLUNGSDATUM, PASS_GUELTIG_BIS, PASS_BEHOERDE, MANDANT) values ('3044','OIDM3_PASS012','DE-598589636','Reisepass','DE471222','167','braun','2014-11-02','2020-11-02','M233333','default');
insert into PASS (ID, OID, PASS_PASSNUMMER, PASS_TYP, PASS_KODE, PASS_GROESSE, PASS_AUGENFARBE, PASS_AUSTELLUNGSDATUM, PASS_GUELTIG_BIS, PASS_BEHOERDE, MANDANT) values ('3045','OIDM3_PASS013','DE-598589635','Reisepass','DE471223','167','braun','2014-11-02','2020-11-02','M233333','default');
insert into PASS (ID, OID, PASS_PASSNUMMER, PASS_TYP, PASS_KODE, PASS_GROESSE, PASS_AUGENFARBE, PASS_AUSTELLUNGSDATUM, PASS_GUELTIG_BIS, PASS_BEHOERDE, MANDANT) values ('3046','OIDM3_PASS014','DE-598589634','Reisepass','DE471224','167','braun','2014-11-02','2020-11-02','M233333','default');
insert into PASS (ID, OID, PASS_PASSNUMMER, PASS_TYP, PASS_KODE, PASS_GROESSE, PASS_AUGENFARBE, PASS_AUSTELLUNGSDATUM, PASS_GUELTIG_BIS, PASS_BEHOERDE, MANDANT) values ('3047','OIDM3_PASS015','DE-598589633','Reisepass','DE471225','167','braun','2014-11-02','2020-11-02','M233333','default');
insert into PASS (ID, OID, PASS_PASSNUMMER, PASS_TYP, PASS_KODE, PASS_GROESSE, PASS_AUGENFARBE, PASS_AUSTELLUNGSDATUM, PASS_GUELTIG_BIS, PASS_BEHOERDE, MANDANT) values ('3048','OIDM3_PASS016','DE-598589632','Reisepass','DE471226','167','braun','2014-11-02','2020-11-02','M233333','default');
insert into PASS (ID, OID, PASS_PASSNUMMER, PASS_TYP, PASS_KODE, PASS_GROESSE, PASS_AUGENFARBE, PASS_AUSTELLUNGSDATUM, PASS_GUELTIG_BIS, PASS_BEHOERDE, MANDANT) values ('3049','OIDM3_PASS017','DE-598589631','Reisepass','DE471227','167','braun','2014-11-02','2020-11-02','M233333','default');
insert into PASS (ID, OID, PASS_PASSNUMMER, PASS_TYP, PASS_KODE, PASS_GROESSE, PASS_AUGENFARBE, PASS_AUSTELLUNGSDATUM, PASS_GUELTIG_BIS, PASS_BEHOERDE, MANDANT) values ('3050','M2_PASS018','DE-598589630','Reisepass','DE471228','167','braun','2014-11-02','2020-11-02','M233333','default');
-- Bürger zu Kind
insert into BUERGER_KINDER (BUERGER, KINDER) values ('2000','2010');
insert into BUERGER_KINDER (BUERGER, KINDER) values ('2001','2011');
insert into BUERGER_KINDER (BUERGER, KINDER) values ('2002','2012');
insert into BUERGER_KINDER (BUERGER, KINDER) values ('2003','2013');
insert into BUERGER_KINDER (BUERGER, KINDER) values ('2004','2014');
insert into BUERGER_KINDER (BUERGER, KINDER) values ('2005','2010');
insert into BUERGER_KINDER (BUERGER, KINDER) values ('2006','2011');
insert into BUERGER_KINDER (BUERGER, KINDER) values ('2007','2012');
insert into BUERGER_KINDER (BUERGER, KINDER) values ('2008','2013');
insert into BUERGER_KINDER (BUERGER, KINDER) values ('2009','2014');
insert into BUERGER_KINDER (BUERGER, KINDER) values ('2000','2015');
insert into BUERGER_KINDER (BUERGER, KINDER) values ('2001','2016');
insert into BUERGER_KINDER (BUERGER, KINDER) values ('2006','2015');
insert into BUERGER_KINDER (BUERGER, KINDER) values ('2013','2016');
insert into BUERGER_KINDER (BUERGER, KINDER) values ('2020','2000');
insert into BUERGER_KINDER (BUERGER, KINDER) values ('2021','2001');
insert into BUERGER_KINDER (BUERGER, KINDER) values ('2022','2002');
insert into BUERGER_KINDER (BUERGER, KINDER) values ('2023','2000');
insert into BUERGER_KINDER (BUERGER, KINDER) values ('2024','2001');
insert into BUERGER_KINDER (BUERGER, KINDER) values ('2025','2002');
insert into BUERGER_KINDER (BUERGER, KINDER) values ('2000','2026');
insert into BUERGER_KINDER (BUERGER, KINDER) values ('2000','2027');
insert into BUERGER_KINDER (BUERGER, KINDER) values ('2000','2028');
insert into BUERGER_KINDER (BUERGER, KINDER) values ('2030','2035');
insert into BUERGER_KINDER (BUERGER, KINDER) values ('2031','2036');
insert into BUERGER_KINDER (BUERGER, KINDER) values ('2032','2037');
insert into BUERGER_KINDER (BUERGER, KINDER) values ('2033','2038');
insert into BUERGER_KINDER (BUERGER, KINDER) values ('2034','2039');
insert into BUERGER_KINDER (BUERGER, KINDER) values ('2030','2036');
insert into BUERGER_KINDER (BUERGER, KINDER) values ('2031','2037');
insert into BUERGER_KINDER (BUERGER, KINDER) values ('2032','2038');
insert into BUERGER_KINDER (BUERGER, KINDER) values ('2033','2039');
insert into BUERGER_KINDER (BUERGER, KINDER) values ('2034','2035');
-- Bürger zu Pass
insert into BUERGER_PASS (BUERGER, PASS) values ('2000','3000');
insert into BUERGER_PASS (BUERGER, PASS) values ('2001','3001');
insert into BUERGER_PASS (BUERGER, PASS) values ('2002','3002');
insert into BUERGER_PASS (BUERGER, PASS) values ('2003','3003');
insert into BUERGER_PASS (BUERGER, PASS) values ('2004','3004');
insert into BUERGER_PASS (BUERGER, PASS) values ('2005','3005');
insert into BUERGER_PASS (BUERGER, PASS) values ('2006','3006');
insert into BUERGER_PASS (BUERGER, PASS) values ('2007','3007');
insert into BUERGER_PASS (BUERGER, PASS) values ('2008','3008');
insert into BUERGER_PASS (BUERGER, PASS) values ('2009','3009');
insert into BUERGER_PASS (BUERGER, PASS) values ('2010','3010');
insert into BUERGER_PASS (BUERGER, PASS) values ('2011','3011');
insert into BUERGER_PASS (BUERGER, PASS) values ('2012','3012');
insert into BUERGER_PASS (BUERGER, PASS) values ('2013','3013');
insert into BUERGER_PASS (BUERGER, PASS) values ('2014','3014');
insert into BUERGER_PASS (BUERGER, PASS) values ('2015','3015');
insert into BUERGER_PASS (BUERGER, PASS) values ('2016','3016');
insert into BUERGER_PASS (BUERGER, PASS) values ('2017','3017');
insert into BUERGER_PASS (BUERGER, PASS) values ('2018','3018');
insert into BUERGER_PASS (BUERGER, PASS) values ('2019','3019');
insert into BUERGER_PASS (BUERGER, PASS) values ('2020','3020');
insert into BUERGER_PASS (BUERGER, PASS) values ('2021','3021');
insert into BUERGER_PASS (BUERGER, PASS) values ('2022','3022');
insert into BUERGER_PASS (BUERGER, PASS) values ('2023','3023');
insert into BUERGER_PASS (BUERGER, PASS) values ('2024','3024');
insert into BUERGER_PASS (BUERGER, PASS) values ('2025','3025');
insert into BUERGER_PASS (BUERGER, PASS) values ('2026','3026');
insert into BUERGER_PASS (BUERGER, PASS) values ('2027','3027');
insert into BUERGER_PASS (BUERGER, PASS) values ('2028','3028');
insert into BUERGER_PASS (BUERGER, PASS) values ('2029','3029');
insert into BUERGER_PASS (BUERGER, PASS) values ('2000','3030');
insert into BUERGER_PASS (BUERGER, PASS) values ('2001','3031');
insert into BUERGER_PASS (BUERGER, PASS) values ('2002','3032');
insert into BUERGER_PASS (BUERGER, PASS) values ('2003','3033');
insert into BUERGER_PASS (BUERGER, PASS) values ('2004','3034');
insert into BUERGER_PASS (BUERGER, PASS) values ('2005','3035');
insert into BUERGER_PASS (BUERGER, PASS) values ('2006','3036');
insert into BUERGER_PASS (BUERGER, PASS) values ('2007','3037');
insert into BUERGER_PASS (BUERGER, PASS) values ('2000','3038');
insert into BUERGER_PASS (BUERGER, PASS) values ('2001','3039');
insert into BUERGER_PASS (BUERGER, PASS) values ('2002','3040');
insert into BUERGER_PASS (BUERGER, PASS) values ('2030','3041');
insert into BUERGER_PASS (BUERGER, PASS) values ('2031','3042');
insert into BUERGER_PASS (BUERGER, PASS) values ('2032','3043');
insert into BUERGER_PASS (BUERGER, PASS) values ('2033','3044');
insert into BUERGER_PASS (BUERGER, PASS) values ('2034','3045');
insert into BUERGER_PASS (BUERGER, PASS) values ('2035','3046');
insert into BUERGER_PASS (BUERGER, PASS) values ('2036','3047');
insert into BUERGER_PASS (BUERGER, PASS) values ('2037','3048');
insert into BUERGER_PASS (BUERGER, PASS) values ('2038','3049');
insert into BUERGER_PASS (BUERGER, PASS) values ('2039','3050');
--ADRESSE INTERNE
insert into adresse_interne (ID, OID, adr_hausnummer, adr_strasse, MANDANT) values ('12000','OIDM2_ADIN001','10','AM80331','test');
insert into adresse_interne (ID, OID, adr_hausnummer, adr_strasse, MANDANT) values ('12001','OIDM2_ADIN002','11','AM80331','test');
insert into adresse_interne (ID, OID, adr_hausnummer, adr_strasse, MANDANT) values ('12002','OIDM2_ADIN003','12','AZ80331','test');
insert into adresse_interne (ID, OID, adr_hausnummer, adr_strasse, MANDANT) values ('12003','OIDM2_ADIN004','13','AZ80331','test');
--ADRESSE EXTERNE
insert into adresse_externe (ID, OID, adr_hausnummer, adr_str, adr_plz, adr_stadt, MANDANT) values ('11000','OIDM2_ADEN001','20','DonauStr.','2','Passau','test');
insert into adresse_externe (ID, OID, adr_hausnummer, adr_str, adr_plz, adr_stadt, MANDANT) values ('11001','OIDM2_ADEN002','21','DonauStr.','2','Passau','test');
insert into adresse_externe (ID, OID, adr_hausnummer, adr_str, adr_plz, adr_stadt, MANDANT) values ('11002','OIDM2_ADEN003','22','DonauStr.','2','Passau','test');
--ADRESSE REFERENCE
insert into adresse_reference (ID, OID, adr_externe_id, adr_interne_id, MANDANT) values ('10000','OIDM2_ADREF001','11000',null,'test');
insert into adresse_reference (ID, OID, adr_externe_id, adr_interne_id, MANDANT) values ('10001','OIDM2_ADREF002','11001',null,'test');
insert into adresse_reference (ID, OID, adr_externe_id, adr_interne_id, MANDANT) values ('10002','OIDM2_ADREF003',null,'12000','test');
insert into adresse_reference (ID, OID, adr_externe_id, adr_interne_id, MANDANT) values ('10003','OIDM2_ADREF004',null,'12001','test');
insert into adresse_reference (ID, OID, adr_externe_id, adr_interne_id, MANDANT) values ('10004','OIDM2_ADREF005',null,'12002','test');
insert into adresse_reference (ID, OID, adr_externe_id, adr_interne_id, MANDANT) values ('10005','OIDM2_ADREF006',null,'12003','test');
--Wohnungen
insert into wohnungen (ID, OID, wohn_ausrichtung, wohn_stock, MANDANT, adresse_id) values ('4000','OIDM2_WOHNUNG001','West','erste','test','10000');
insert into wohnungen (ID, OID, wohn_ausrichtung, wohn_stock, MANDANT, adresse_id) values ('4001','OIDM2_WOHNUNG002','West','erste','test','10001');
insert into wohnungen (ID, OID, wohn_ausrichtung, wohn_stock, MANDANT, adresse_id) values ('4002','OIDM2_WOHNUNG003','West','erste','test','10002');
insert into wohnungen (ID, OID, wohn_ausrichtung, wohn_stock, MANDANT, adresse_id) values ('4003','OIDM2_WOHNUNG004','West','erste','test','10003');
insert into wohnungen (ID, OID, wohn_ausrichtung, wohn_stock, MANDANT, adresse_id) values ('4004','OIDM2_WOHNUNG005','West','erste','test','10004');
insert into wohnungen (ID, OID, wohn_ausrichtung, wohn_stock, MANDANT, adresse_id) values ('4005','OIDM2_WOHNUNG006','West','erste','test','10005');
insert into wohnungen (ID, OID, wohn_ausrichtung, wohn_stock, MANDANT) values ('4006','OIDM2_WOHNUNG007','West','erste','test');
insert into wohnungen (ID, OID, wohn_ausrichtung, wohn_stock, MANDANT) values ('4007','OIDM2_WOHNUNG008','West','erste','test');
insert into wohnungen (ID, OID, wohn_ausrichtung, wohn_stock, MANDANT) values ('4008','OIDM2_WOHNUNG009','West','erste','test');
insert into wohnungen (ID, OID, wohn_ausrichtung, wohn_stock, MANDANT) values ('4009','OIDM2_WOHNUNG010','West','erste','test');
insert into wohnungen (ID, OID, wohn_ausrichtung, wohn_stock, MANDANT) values ('4010','OIDM2_WOHNUNG011','West','erste','test');
insert into wohnungen (ID, OID, wohn_ausrichtung, wohn_stock, MANDANT) values ('4011','OIDM2_WOHNUNG012','West','erste','test');
insert into wohnungen (ID, OID, wohn_ausrichtung, wohn_stock, MANDANT) values ('4012','OIDM2_WOHNUNG013','West','erste','test');
insert into wohnungen (ID, OID, wohn_ausrichtung, wohn_stock, MANDANT) values ('4013','OIDM2_WOHNUNG014','West','erste','test');
insert into wohnungen (ID, OID, wohn_ausrichtung, wohn_stock, MANDANT) values ('4014','OIDM2_WOHNUNG015','West','erste','test');
insert into wohnungen (ID, OID, wohn_ausrichtung, wohn_stock, MANDANT) values ('4015','OIDM2_WOHNUNG016','West','erste','test');
insert into wohnungen (ID, OID, wohn_ausrichtung, wohn_stock, MANDANT) values ('4016','OIDM2_WOHNUNG017','West','erste','test');
insert into wohnungen (ID, OID, wohn_ausrichtung, wohn_stock, MANDANT) values ('4017','OIDM2_WOHNUNG018','West','erste','test');
insert into wohnungen (ID, OID, wohn_ausrichtung, wohn_stock, MANDANT) values ('4018','OIDM2_WOHNUNG019','West','erste','test');
insert into wohnungen (ID, OID, wohn_ausrichtung, wohn_stock, MANDANT) values ('4019','OIDM2_WOHNUNG020','West','erste','test');
insert into wohnungen (ID, OID, wohn_ausrichtung, wohn_stock, MANDANT) values ('4020','OIDM3_WOHNUNG001','West','erste','default');
insert into wohnungen (ID, OID, wohn_ausrichtung, wohn_stock, MANDANT) values ('4021','OIDM3_WOHNUNG002','West','erste','default');
insert into wohnungen (ID, OID, wohn_ausrichtung, wohn_stock, MANDANT) values ('4022','OIDM3_WOHNUNG003','West','erste','default');
insert into wohnungen (ID, OID, wohn_ausrichtung, wohn_stock, MANDANT) values ('4023','OIDM3_WOHNUNG004','West','erste','default');
insert into wohnungen (ID, OID, wohn_ausrichtung, wohn_stock, MANDANT) values ('4024','OIDM3_WOHNUNG005','West','erste','default');
insert into wohnungen (ID, OID, wohn_ausrichtung, wohn_stock, MANDANT) values ('4025','OIDM3_WOHNUNG006','West','erste','default');
insert into wohnungen (ID, OID, wohn_ausrichtung, wohn_stock, MANDANT) values ('4026','OIDM3_WOHNUNG007','West','erste','default');
insert into wohnungen (ID, OID, wohn_ausrichtung, wohn_stock, MANDANT) values ('4027','OIDM3_WOHNUNG008','West','erste','default');
insert into wohnungen (ID, OID, wohn_ausrichtung, wohn_stock, MANDANT) values ('4028','OIDM3_WOHNUNG009','West','erste','default');
insert into wohnungen (ID, OID, wohn_ausrichtung, wohn_stock, MANDANT) values ('4029','OIDM3_WOHNUNG010','West','erste','default');
--Bürger zu Wohnung
insert into buerger_wohnungen (BUERGER, WOHNUNGEN) values ('2000','4000');
insert into buerger_wohnungen (BUERGER, WOHNUNGEN) values ('2001','4001');
insert into buerger_wohnungen (BUERGER, WOHNUNGEN) values ('2002','4002');
insert into buerger_wohnungen (BUERGER, WOHNUNGEN) values ('2003','4003');
insert into buerger_wohnungen (BUERGER, WOHNUNGEN) values ('2004','4004');
insert into buerger_wohnungen (BUERGER, WOHNUNGEN) values ('2005','4005');
insert into buerger_wohnungen (BUERGER, WOHNUNGEN) values ('2006','4006');
insert into buerger_wohnungen (BUERGER, WOHNUNGEN) values ('2007','4007');
insert into buerger_wohnungen (BUERGER, WOHNUNGEN) values ('2008','4008');
insert into buerger_wohnungen (BUERGER, WOHNUNGEN) values ('2009','4009');
insert into buerger_wohnungen (BUERGER, WOHNUNGEN) values ('2010','4010');
insert into buerger_wohnungen (BUERGER, WOHNUNGEN) values ('2011','4011');
insert into buerger_wohnungen (BUERGER, WOHNUNGEN) values ('2012','4012');
insert into buerger_wohnungen (BUERGER, WOHNUNGEN) values ('2013','4013');
insert into buerger_wohnungen (BUERGER, WOHNUNGEN) values ('2014','4014');
insert into buerger_wohnungen (BUERGER, WOHNUNGEN) values ('2015','4015');
insert into buerger_wohnungen (BUERGER, WOHNUNGEN) values ('2016','4016');
insert into buerger_wohnungen (BUERGER, WOHNUNGEN) values ('2017','4017');
insert into buerger_wohnungen (BUERGER, WOHNUNGEN) values ('2018','4018');
insert into buerger_wohnungen (BUERGER, WOHNUNGEN) values ('2000','4010');
insert into buerger_wohnungen (BUERGER, WOHNUNGEN) values ('2001','4011');
insert into buerger_wohnungen (BUERGER, WOHNUNGEN) values ('2002','4012');
insert into buerger_wohnungen (BUERGER, WOHNUNGEN) values ('2003','4013');
insert into buerger_wohnungen (BUERGER, WOHNUNGEN) values ('2004','4014');
insert into buerger_wohnungen (BUERGER, WOHNUNGEN) values ('2005','4015');
insert into buerger_wohnungen (BUERGER, WOHNUNGEN) values ('2006','4016');
insert into buerger_wohnungen (BUERGER, WOHNUNGEN) values ('2007','4017');
insert into buerger_wohnungen (BUERGER, WOHNUNGEN) values ('2008','4018');
insert into buerger_wohnungen (BUERGER, WOHNUNGEN) values ('2009','4019');
insert into buerger_wohnungen (BUERGER, WOHNUNGEN) values ('2030','4020');
insert into buerger_wohnungen (BUERGER, WOHNUNGEN) values ('2031','4021');
insert into buerger_wohnungen (BUERGER, WOHNUNGEN) values ('2032','4022');
insert into buerger_wohnungen (BUERGER, WOHNUNGEN) values ('2033','4023');
insert into buerger_wohnungen (BUERGER, WOHNUNGEN) values ('2034','4024');
insert into buerger_wohnungen (BUERGER, WOHNUNGEN) values ('2035','4025');
insert into buerger_wohnungen (BUERGER, WOHNUNGEN) values ('2036','4026');
insert into buerger_wohnungen (BUERGER, WOHNUNGEN) values ('2037','4027');
insert into buerger_wohnungen (BUERGER, WOHNUNGEN) values ('2038','4028');
insert into buerger_wohnungen (BUERGER, WOHNUNGEN) values ('2039','4029');
insert into buerger_wohnungen (BUERGER, WOHNUNGEN) values ('2014','4016');
insert into buerger_wohnungen (BUERGER, WOHNUNGEN) values ('2014','4017');
insert into buerger_wohnungen (BUERGER, WOHNUNGEN) values ('2014','4018');
--Staatsangehoerigkeiten zu bürger
insert into buerger_staatsangehoerigkeit_references (BUERGER, staatsangehoerigkeit_references) values ('2000','5000');
insert into buerger_staatsangehoerigkeit_references (BUERGER, staatsangehoerigkeit_references) values ('2001','5001');
insert into buerger_staatsangehoerigkeit_references (BUERGER, staatsangehoerigkeit_references) values ('2002','5002');
insert into buerger_staatsangehoerigkeit_references (BUERGER, staatsangehoerigkeit_references) values ('2003','5003');
insert into buerger_staatsangehoerigkeit_references (BUERGER, staatsangehoerigkeit_references) values ('2004','5004');
insert into buerger_staatsangehoerigkeit_references (BUERGER, staatsangehoerigkeit_references) values ('2005','5005');
insert into buerger_staatsangehoerigkeit_references (BUERGER, staatsangehoerigkeit_references) values ('2006','5006');
insert into buerger_staatsangehoerigkeit_references (BUERGER, staatsangehoerigkeit_references) values ('2007','5007');
insert into buerger_staatsangehoerigkeit_references (BUERGER, staatsangehoerigkeit_references) values ('2008','5008');
insert into buerger_staatsangehoerigkeit_references (BUERGER, staatsangehoerigkeit_references) values ('2009','5009');
insert into buerger_staatsangehoerigkeit_references (BUERGER, staatsangehoerigkeit_references) values ('2010','5010');
insert into buerger_staatsangehoerigkeit_references (BUERGER, staatsangehoerigkeit_references) values ('2011','5011');
insert into buerger_staatsangehoerigkeit_references (BUERGER, staatsangehoerigkeit_references) values ('2012','5012');
insert into buerger_staatsangehoerigkeit_references (BUERGER, staatsangehoerigkeit_references) values ('2013','5013');
insert into buerger_staatsangehoerigkeit_references (BUERGER, staatsangehoerigkeit_references) values ('2014','5014');
insert into buerger_staatsangehoerigkeit_references (BUERGER, staatsangehoerigkeit_references) values ('2015','5015');
insert into buerger_staatsangehoerigkeit_references (BUERGER, staatsangehoerigkeit_references) values ('2016','5016');
insert into buerger_staatsangehoerigkeit_references (BUERGER, staatsangehoerigkeit_references) values ('2017','5017');
insert into buerger_staatsangehoerigkeit_references (BUERGER, staatsangehoerigkeit_references) values ('2000','5010');
insert into buerger_staatsangehoerigkeit_references (BUERGER, staatsangehoerigkeit_references) values ('2001','5011');
insert into buerger_staatsangehoerigkeit_references (BUERGER, staatsangehoerigkeit_references) values ('2002','5012');
insert into buerger_staatsangehoerigkeit_references (BUERGER, staatsangehoerigkeit_references) values ('2003','5013');
insert into buerger_staatsangehoerigkeit_references (BUERGER, staatsangehoerigkeit_references) values ('2004','5014');
insert into buerger_staatsangehoerigkeit_references (BUERGER, staatsangehoerigkeit_references) values ('2005','5015');
insert into buerger_staatsangehoerigkeit_references (BUERGER, staatsangehoerigkeit_references) values ('2006','5016');
insert into buerger_staatsangehoerigkeit_references (BUERGER, staatsangehoerigkeit_references) values ('2007','5017');
insert into buerger_staatsangehoerigkeit_references (BUERGER, staatsangehoerigkeit_references) values ('2008','5018');
insert into buerger_staatsangehoerigkeit_references (BUERGER, staatsangehoerigkeit_references) values ('2009','5019');
insert into buerger_staatsangehoerigkeit_references (BUERGER, staatsangehoerigkeit_references) values ('2030','5020');
insert into buerger_staatsangehoerigkeit_references (BUERGER, staatsangehoerigkeit_references) values ('2031','5021');
insert into buerger_staatsangehoerigkeit_references (BUERGER, staatsangehoerigkeit_references) values ('2032','5022');
insert into buerger_staatsangehoerigkeit_references (BUERGER, staatsangehoerigkeit_references) values ('2033','5023');
insert into buerger_staatsangehoerigkeit_references (BUERGER, staatsangehoerigkeit_references) values ('2034','5024');
insert into buerger_staatsangehoerigkeit_references (BUERGER, staatsangehoerigkeit_references) values ('2035','5025');
insert into buerger_staatsangehoerigkeit_references (BUERGER, staatsangehoerigkeit_references) values ('2036','5026');
insert into buerger_staatsangehoerigkeit_references (BUERGER, staatsangehoerigkeit_references) values ('2037','5027');
insert into buerger_staatsangehoerigkeit_references (BUERGER, staatsangehoerigkeit_references) values ('2038','5028');
insert into buerger_staatsangehoerigkeit_references (BUERGER, staatsangehoerigkeit_references) values ('2039','5029');
--Sachbearbeiter
insert into sachbearbeiter (ID, oid,sach_funktion,sach_fax, sach_telephone,sach_organisationseinheit, MANDANT) values ('6000','OIDM2_SACHBEARBEITERS001','beamte','892154856','892541523','BA011S','test');
insert into sachbearbeiter (ID, oid,sach_funktion,sach_fax, sach_telephone,sach_organisationseinheit, MANDANT) values ('6001','OIDM2_SACHBEARBEITERS002','beamte','892154857','892541524','BA011S','test');
insert into sachbearbeiter (ID, oid,sach_funktion,sach_fax, sach_telephone,sach_organisationseinheit, MANDANT) values ('6002','OIDM2_SACHBEARBEITERS003','beamte','892154858','892541525','BA011S','test');
insert into sachbearbeiter (ID, oid,sach_funktion,sach_fax, sach_telephone,sach_organisationseinheit, MANDANT) values ('6003','OIDM2_SACHBEARBEITERS004','beamte','892154859','892541526','BA011S','test');
insert into sachbearbeiter (ID, oid,sach_funktion,sach_fax, sach_telephone,sach_organisationseinheit, MANDANT) values ('6004','OIDM2_SACHBEARBEITERS005','beamte','892154860','892541527','BA011S','test');
insert into sachbearbeiter (ID, oid,sach_funktion,sach_fax, sach_telephone,sach_organisationseinheit, MANDANT) values ('6005','OIDM2_SACHBEARBEITERS006','beamte','892154861','892541528','BA011S','test');
insert into sachbearbeiter (ID, oid,sach_funktion,sach_fax, sach_telephone,sach_organisationseinheit, MANDANT) values ('6006','OIDM2_SACHBEARBEITERS007','beamte','892154862','892541529','BA011S','test');
insert into sachbearbeiter (ID, oid,sach_funktion,sach_fax, sach_telephone,sach_organisationseinheit, MANDANT) values ('6007','OIDM2_SACHBEARBEITERS008','beamte','892154863','892541530','BA011S','test');
insert into sachbearbeiter (ID, oid,sach_funktion,sach_fax, sach_telephone,sach_organisationseinheit, MANDANT) values ('6008','OIDM2_SACHBEARBEITERS009','beamte','892154864','892541531','BA011S','test');
insert into sachbearbeiter (ID, oid,sach_funktion,sach_fax, sach_telephone,sach_organisationseinheit, MANDANT) values ('6009','OIDM2_SACHBEARBEITERS010','beamte','892154865','892541532','BA011S','test');
insert into sachbearbeiter (ID, oid,sach_funktion,sach_fax, sach_telephone,sach_organisationseinheit, MANDANT) values ('6010','OIDM2_SACHBEARBEITERS011','beamte','892154866','892541533','BA011S','test');
insert into sachbearbeiter (ID, oid,sach_funktion,sach_fax, sach_telephone,sach_organisationseinheit, MANDANT) values ('6011','OIDM2_SACHBEARBEITERS012','beamte','892154867','892541534','BA011S','test');
insert into sachbearbeiter (ID, oid,sach_funktion,sach_fax, sach_telephone,sach_organisationseinheit, MANDANT) values ('6012','OIDM2_SACHBEARBEITERS013','beamte','892154868','892541535','BA011S','test');
insert into sachbearbeiter (ID, oid,sach_funktion,sach_fax, sach_telephone,sach_organisationseinheit, MANDANT) values ('6013','OIDM2_SACHBEARBEITERS014','beamte','892154869','892541536','BA011S','test');
insert into sachbearbeiter (ID, oid,sach_funktion,sach_fax, sach_telephone,sach_organisationseinheit, MANDANT) values ('6014','OIDM2_SACHBEARBEITERS015','beamte','892154870','892541537','BA011S','test');
insert into sachbearbeiter (ID, oid,sach_funktion,sach_fax, sach_telephone,sach_organisationseinheit, MANDANT) values ('6015','OIDM2_SACHBEARBEITERS016','beamte','892154871','892541538','BA011S','test');
insert into sachbearbeiter (ID, oid,sach_funktion,sach_fax, sach_telephone,sach_organisationseinheit, MANDANT) values ('6016','OIDM2_SACHBEARBEITERS017','beamte','892154872','892541539','BA011S','test');
insert into sachbearbeiter (ID, oid,sach_funktion,sach_fax, sach_telephone,sach_organisationseinheit, MANDANT) values ('6017','OIDM2_SACHBEARBEITERS018','beamte','892154873','892541540','BA011S','test');
insert into sachbearbeiter (ID, oid,sach_funktion,sach_fax, sach_telephone,sach_organisationseinheit, MANDANT) values ('6018','OIDM2_SACHBEARBEITERS019','beamte','892154874','892541541','BA011S','test');
insert into sachbearbeiter (ID, oid,sach_funktion,sach_fax, sach_telephone,sach_organisationseinheit, MANDANT) values ('6019','OIDM2_SACHBEARBEITERS020','beamte','892154875','892541542','BA011S','test');
insert into sachbearbeiter (ID, oid,sach_funktion,sach_fax, sach_telephone,sach_organisationseinheit, MANDANT) values ('6020','OIDM3_SACHBEARBEITERS001','beamte','892154876','892541543','BA011S','default');
insert into sachbearbeiter (ID, oid,sach_funktion,sach_fax, sach_telephone,sach_organisationseinheit, MANDANT) values ('6021','OIDM3_SACHBEARBEITERS002','beamte','892154877','892541544','BA011S','default');
insert into sachbearbeiter (ID, oid,sach_funktion,sach_fax, sach_telephone,sach_organisationseinheit, MANDANT) values ('6022','OIDM3_SACHBEARBEITERS003','beamte','892154878','892541545','BA011S','default');
insert into sachbearbeiter (ID, oid,sach_funktion,sach_fax, sach_telephone,sach_organisationseinheit, MANDANT) values ('6023','OIDM3_SACHBEARBEITERS004','beamte','892154879','892541546','BA011S','default');
insert into sachbearbeiter (ID, oid,sach_funktion,sach_fax, sach_telephone,sach_organisationseinheit, MANDANT) values ('6024','OIDM3_SACHBEARBEITERS005','beamte','892154880','892541547','BA011S','default');
insert into sachbearbeiter (ID, oid,sach_funktion,sach_fax, sach_telephone,sach_organisationseinheit, MANDANT) values ('6025','OIDM3_SACHBEARBEITERS006','beamte','892154881','892541548','BA011S','default');
insert into sachbearbeiter (ID, oid,sach_funktion,sach_fax, sach_telephone,sach_organisationseinheit, MANDANT) values ('6026','OIDM3_SACHBEARBEITERS007','beamte','892154882','892541549','BA011S','default');
insert into sachbearbeiter (ID, oid,sach_funktion,sach_fax, sach_telephone,sach_organisationseinheit, MANDANT) values ('6027','OIDM3_SACHBEARBEITERS008','beamte','892154883','892541550','BA011S','default');
insert into sachbearbeiter (ID, oid,sach_funktion,sach_fax, sach_telephone,sach_organisationseinheit, MANDANT) values ('6028','OIDM3_SACHBEARBEITERS009','beamte','892154884','892541551','BA011S','default');
insert into sachbearbeiter (ID, oid,sach_funktion,sach_fax, sach_telephone,sach_organisationseinheit, MANDANT) values ('6029','OIDM3_SACHBEARBEITERS010','beamte','892154885','892541552','BA011S','default');
insert into sachbearbeiter (ID, oid,sach_funktion,sach_fax, sach_telephone,sach_organisationseinheit, user_id , MANDANT) values ('6030','OIDM2_SACHBEARBEITERS030','beamte','892154856','892154856','BA011S','13','test');
insert into sachbearbeiter (ID, oid,sach_funktion,sach_fax, sach_telephone,sach_organisationseinheit, user_id , MANDANT) values ('6031','OIDM2_SACHBEARBEITERS031','beamte','892154857','892154857','BA011S','14','test');
insert into sachbearbeiter (ID, oid,sach_funktion,sach_fax, sach_telephone,sach_organisationseinheit, user_id , MANDANT) values ('6032','OIDM2_SACHBEARBEITERS032','beamte','892154858','892154858','BA011S','15','test');
insert into sachbearbeiter (ID, oid,sach_funktion,sach_fax, sach_telephone,sach_organisationseinheit, user_id , MANDANT) values ('6033','OIDM2_SACHBEARBEITERS033','beamte','892154859','892154859','BA011S','16','test');
insert into sachbearbeiter (ID, oid,sach_funktion,sach_fax, sach_telephone,sach_organisationseinheit, user_id , MANDANT) values ('6034','OIDM2_SACHBEARBEITERS034','beamte','892154860','892154860','BA011S','17','test');
insert into sachbearbeiter (ID, oid,sach_funktion,sach_fax, sach_telephone,sach_organisationseinheit, user_id , MANDANT) values ('6035','OIDM2_SACHBEARBEITERS035','beamte','892154861','892154861','BA011S','18','test');
insert into sachbearbeiter (ID, oid,sach_funktion,sach_fax, sach_telephone,sach_organisationseinheit, user_id , MANDANT) values ('6036','OIDM2_SACHBEARBEITERS036','beamte','892154862','892154862','BA011S','19','test');
insert into sachbearbeiter (ID, oid,sach_funktion,sach_fax, sach_telephone,sach_organisationseinheit, user_id , MANDANT) values ('6037','OIDM2_SACHBEARBEITERS037','beamte','892154863','892154863','BA011S','20','test');
insert into sachbearbeiter (ID, oid,sach_funktion,sach_fax, sach_telephone,sach_organisationseinheit, user_id , MANDANT) values ('6038','OIDM2_SACHBEARBEITERS038','beamte','892154864','892154864','BA011S','21','test');
--Bürger zu Sachbearbeiter
insert into buerger_sachbearbeiter (BUERGER, SACHBEARBEITER) values ('2000','6000');
insert into buerger_sachbearbeiter (BUERGER, SACHBEARBEITER) values ('2001','6001');
insert into buerger_sachbearbeiter (BUERGER, SACHBEARBEITER) values ('2002','6002');
insert into buerger_sachbearbeiter (BUERGER, SACHBEARBEITER) values ('2003','6003');
insert into buerger_sachbearbeiter (BUERGER, SACHBEARBEITER) values ('2004','6004');
insert into buerger_sachbearbeiter (BUERGER, SACHBEARBEITER) values ('2005','6005');
insert into buerger_sachbearbeiter (BUERGER, SACHBEARBEITER) values ('2006','6006');
insert into buerger_sachbearbeiter (BUERGER, SACHBEARBEITER) values ('2007','6007');
insert into buerger_sachbearbeiter (BUERGER, SACHBEARBEITER) values ('2008','6008');
insert into buerger_sachbearbeiter (BUERGER, SACHBEARBEITER) values ('2009','6009');
insert into buerger_sachbearbeiter (BUERGER, SACHBEARBEITER) values ('2010','6010');
insert into buerger_sachbearbeiter (BUERGER, SACHBEARBEITER) values ('2011','6011');
insert into buerger_sachbearbeiter (BUERGER, SACHBEARBEITER) values ('2012','6012');
insert into buerger_sachbearbeiter (BUERGER, SACHBEARBEITER) values ('2013','6013');
insert into buerger_sachbearbeiter (BUERGER, SACHBEARBEITER) values ('2014','6014');
insert into buerger_sachbearbeiter (BUERGER, SACHBEARBEITER) values ('2015','6015');
insert into buerger_sachbearbeiter (BUERGER, SACHBEARBEITER) values ('2016','6016');
insert into buerger_sachbearbeiter (BUERGER, SACHBEARBEITER) values ('2017','6017');
insert into buerger_sachbearbeiter (BUERGER, SACHBEARBEITER) values ('2018','6018');
insert into buerger_sachbearbeiter (BUERGER, SACHBEARBEITER) values ('2019','6019');
insert into buerger_sachbearbeiter (BUERGER, SACHBEARBEITER) values ('2000','6010');
insert into buerger_sachbearbeiter (BUERGER, SACHBEARBEITER) values ('2001','6011');
insert into buerger_sachbearbeiter (BUERGER, SACHBEARBEITER) values ('2002','6012');
insert into buerger_sachbearbeiter (BUERGER, SACHBEARBEITER) values ('2003','6013');
insert into buerger_sachbearbeiter (BUERGER, SACHBEARBEITER) values ('2004','6014');
insert into buerger_sachbearbeiter (BUERGER, SACHBEARBEITER) values ('2005','6015');
insert into buerger_sachbearbeiter (BUERGER, SACHBEARBEITER) values ('2006','6016');
insert into buerger_sachbearbeiter (BUERGER, SACHBEARBEITER) values ('2007','6017');
insert into buerger_sachbearbeiter (BUERGER, SACHBEARBEITER) values ('2008','6018');
insert into buerger_sachbearbeiter (BUERGER, SACHBEARBEITER) values ('2009','6019');
insert into buerger_sachbearbeiter (BUERGER, SACHBEARBEITER) values ('2010','6020');
insert into buerger_sachbearbeiter (BUERGER, SACHBEARBEITER) values ('2011','6021');
insert into buerger_sachbearbeiter (BUERGER, SACHBEARBEITER) values ('2012','6022');
insert into buerger_sachbearbeiter (BUERGER, SACHBEARBEITER) values ('2013','6023');
insert into buerger_sachbearbeiter (BUERGER, SACHBEARBEITER) values ('2014','6024');
insert into buerger_sachbearbeiter (BUERGER, SACHBEARBEITER) values ('2015','6025');
insert into buerger_sachbearbeiter (BUERGER, SACHBEARBEITER) values ('2016','6026');
insert into buerger_sachbearbeiter (BUERGER, SACHBEARBEITER) values ('2017','6027');
insert into buerger_sachbearbeiter (BUERGER, SACHBEARBEITER) values ('2018','6028');
insert into buerger_sachbearbeiter (BUERGER, SACHBEARBEITER) values ('2019','6029');
--Sachbearbeiter zu Bürger
insert into sachbearbeiter_buerger (BUERGER, SACHBEARBEITER) values ('2000','6000');
insert into sachbearbeiter_buerger (BUERGER, SACHBEARBEITER) values ('2001','6001');
insert into sachbearbeiter_buerger (BUERGER, SACHBEARBEITER) values ('2002','6002');
insert into sachbearbeiter_buerger (BUERGER, SACHBEARBEITER) values ('2003','6003');
insert into sachbearbeiter_buerger (BUERGER, SACHBEARBEITER) values ('2004','6004');
insert into sachbearbeiter_buerger (BUERGER, SACHBEARBEITER) values ('2005','6005');
insert into sachbearbeiter_buerger (BUERGER, SACHBEARBEITER) values ('2006','6006');
insert into sachbearbeiter_buerger (BUERGER, SACHBEARBEITER) values ('2007','6007');
insert into sachbearbeiter_buerger (BUERGER, SACHBEARBEITER) values ('2008','6008');
insert into sachbearbeiter_buerger (BUERGER, SACHBEARBEITER) values ('2009','6009');
insert into sachbearbeiter_buerger (BUERGER, SACHBEARBEITER) values ('2010','6010');
insert into sachbearbeiter_buerger (BUERGER, SACHBEARBEITER) values ('2011','6011');
insert into sachbearbeiter_buerger (BUERGER, SACHBEARBEITER) values ('2012','6012');
insert into sachbearbeiter_buerger (BUERGER, SACHBEARBEITER) values ('2013','6013');
insert into sachbearbeiter_buerger (BUERGER, SACHBEARBEITER) values ('2014','6014');
insert into sachbearbeiter_buerger (BUERGER, SACHBEARBEITER) values ('2015','6015');
insert into sachbearbeiter_buerger (BUERGER, SACHBEARBEITER) values ('2016','6016');
insert into sachbearbeiter_buerger (BUERGER, SACHBEARBEITER) values ('2017','6017');
insert into sachbearbeiter_buerger (BUERGER, SACHBEARBEITER) values ('2018','6018');
insert into sachbearbeiter_buerger (BUERGER, SACHBEARBEITER) values ('2019','6019');
insert into sachbearbeiter_buerger (BUERGER, SACHBEARBEITER) values ('2000','6010');
insert into sachbearbeiter_buerger (BUERGER, SACHBEARBEITER) values ('2001','6011');
insert into sachbearbeiter_buerger (BUERGER, SACHBEARBEITER) values ('2002','6012');
insert into sachbearbeiter_buerger (BUERGER, SACHBEARBEITER) values ('2003','6013');
insert into sachbearbeiter_buerger (BUERGER, SACHBEARBEITER) values ('2004','6014');
insert into sachbearbeiter_buerger (BUERGER, SACHBEARBEITER) values ('2005','6015');
insert into sachbearbeiter_buerger (BUERGER, SACHBEARBEITER) values ('2006','6016');
insert into sachbearbeiter_buerger (BUERGER, SACHBEARBEITER) values ('2007','6017');
insert into sachbearbeiter_buerger (BUERGER, SACHBEARBEITER) values ('2008','6018');
insert into sachbearbeiter_buerger (BUERGER, SACHBEARBEITER) values ('2009','6019');
insert into sachbearbeiter_buerger (BUERGER, SACHBEARBEITER) values ('2010','6020');
insert into sachbearbeiter_buerger (BUERGER, SACHBEARBEITER) values ('2011','6021');
insert into sachbearbeiter_buerger (BUERGER, SACHBEARBEITER) values ('2012','6022');
insert into sachbearbeiter_buerger (BUERGER, SACHBEARBEITER) values ('2013','6023');
insert into sachbearbeiter_buerger (BUERGER, SACHBEARBEITER) values ('2014','6024');
insert into sachbearbeiter_buerger (BUERGER, SACHBEARBEITER) values ('2015','6025');
insert into sachbearbeiter_buerger (BUERGER, SACHBEARBEITER) values ('2016','6026');
insert into sachbearbeiter_buerger (BUERGER, SACHBEARBEITER) values ('2017','6027');
insert into sachbearbeiter_buerger (BUERGER, SACHBEARBEITER) values ('2018','6028');
insert into sachbearbeiter_buerger (BUERGER, SACHBEARBEITER) values ('2019','6029');
--AdresseExterne
insert into adresse_externe (ID, oid,adr_hausnummer,adr_plz, adr_str,adr_stadt, MANDANT) values ('7000','OIDM2_ADRESSEEXTA001','1','69034','panoramaStr.','Passau','test');
insert into adresse_externe (ID, oid,adr_hausnummer,adr_plz, adr_str,adr_stadt, MANDANT) values ('7001','OIDM2_ADRESSEEXTA002','2','69034','panoramaStr.','Passau','test');
insert into adresse_externe (ID, oid,adr_hausnummer,adr_plz, adr_str,adr_stadt, MANDANT) values ('7002','OIDM2_ADRESSEEXTA003','3','69034','panoramaStr.','Passau','test');
insert into adresse_externe (ID, oid,adr_hausnummer,adr_plz, adr_str,adr_stadt, MANDANT) values ('7003','OIDM2_ADRESSEEXTA004','4','69034','panoramaStr.','Passau','test');
insert into adresse_externe (ID, oid,adr_hausnummer,adr_plz, adr_str,adr_stadt, MANDANT) values ('7004','OIDM2_ADRESSEEXTA005','5','69034','panoramaStr.','Passau','test');
insert into adresse_externe (ID, oid,adr_hausnummer,adr_plz, adr_str,adr_stadt, MANDANT) values ('7005','OIDM2_ADRESSEEXTA006','6','69034','panoramaStr.','Passau','test');
insert into adresse_externe (ID, oid,adr_hausnummer,adr_plz, adr_str,adr_stadt, MANDANT) values ('7006','OIDM2_ADRESSEEXTA007','7','69034','panoramaStr.','Passau','test');
insert into adresse_externe (ID, oid,adr_hausnummer,adr_plz, adr_str,adr_stadt, MANDANT) values ('7007','OIDM2_ADRESSEEXTA008','8','69034','panoramaStr.','Passau','test');
insert into adresse_externe (ID, oid,adr_hausnummer,adr_plz, adr_str,adr_stadt, MANDANT) values ('7008','OIDM2_ADRESSEEXTA009','9','69034','panoramaStr.','Passau','test');
insert into adresse_externe (ID, oid,adr_hausnummer,adr_plz, adr_str,adr_stadt, MANDANT) values ('7009','OIDM2_ADRESSEEXTA010','10','69034','panoramaStr.','Passau','test');
insert into adresse_externe (ID, oid,adr_hausnummer,adr_plz, adr_str,adr_stadt, MANDANT) values ('7010','OIDM2_ADRESSEEXTA011','11','69034','panoramaStr.','Passau','test');
insert into adresse_externe (ID, oid,adr_hausnummer,adr_plz, adr_str,adr_stadt, MANDANT) values ('7011','OIDM2_ADRESSEEXTA012','12','69034','panoramaStr.','Passau','test');
insert into adresse_externe (ID, oid,adr_hausnummer,adr_plz, adr_str,adr_stadt, MANDANT) values ('7012','OIDM2_ADRESSEEXTA013','13','69034','panoramaStr.','Passau','test');
insert into adresse_externe (ID, oid,adr_hausnummer,adr_plz, adr_str,adr_stadt, MANDANT) values ('7013','OIDM2_ADRESSEEXTA014','14','69034','panoramaStr.','Passau','test');
insert into adresse_externe (ID, oid,adr_hausnummer,adr_plz, adr_str,adr_stadt, MANDANT) values ('7014','OIDM2_ADRESSEEXTA015','15','69034','panoramaStr.','Passau','test');
insert into adresse_externe (ID, oid,adr_hausnummer,adr_plz, adr_str,adr_stadt, MANDANT) values ('7015','OIDM2_ADRESSEEXTA016','16','69034','panoramaStr.','Passau','test');
insert into adresse_externe (ID, oid,adr_hausnummer,adr_plz, adr_str,adr_stadt, MANDANT) values ('7016','OIDM2_ADRESSEEXTA017','17','69034','panoramaStr.','Passau','test');
insert into adresse_externe (ID, oid,adr_hausnummer,adr_plz, adr_str,adr_stadt, MANDANT) values ('7017','OIDM2_ADRESSEEXTA018','18','69034','panoramaStr.','Passau','test');
insert into adresse_externe (ID, oid,adr_hausnummer,adr_plz, adr_str,adr_stadt, MANDANT) values ('7018','OIDM2_ADRESSEEXTA019','19','69034','panoramaStr.','Passau','test');
insert into adresse_externe (ID, oid,adr_hausnummer,adr_plz, adr_str,adr_stadt, MANDANT) values ('7019','OIDM3_ADRESSEEXTA001','1','26003','donauStr','heidelberg','default');
insert into adresse_externe (ID, oid,adr_hausnummer,adr_plz, adr_str,adr_stadt, MANDANT) values ('7020','OIDM3_ADRESSEEXTA002','2','26004','donauStr','heidelberg','default');
insert into adresse_externe (ID, oid,adr_hausnummer,adr_plz, adr_str,adr_stadt, MANDANT) values ('7021','OIDM3_ADRESSEEXTA003','3','26005','donauStr','heidelberg','default');
insert into adresse_externe (ID, oid,adr_hausnummer,adr_plz, adr_str,adr_stadt, MANDANT) values ('7022','OIDM3_ADRESSEEXTA004','4','26006','donauStr','heidelberg','default');
insert into adresse_externe (ID, oid,adr_hausnummer,adr_plz, adr_str,adr_stadt, MANDANT) values ('7023','OIDM3_ADRESSEEXTA005','5','26007','donauStr','heidelberg','default');
insert into adresse_externe (ID, oid,adr_hausnummer,adr_plz, adr_str,adr_stadt, MANDANT) values ('7024','OIDM3_ADRESSEEXTA006','6','26008','donauStr','heidelberg','default');
insert into adresse_externe (ID, oid,adr_hausnummer,adr_plz, adr_str,adr_stadt, MANDANT) values ('7025','OIDM3_ADRESSEEXTA007','7','26009','donauStr','heidelberg','default');
insert into adresse_externe (ID, oid,adr_hausnummer,adr_plz, adr_str,adr_stadt, MANDANT) values ('7026','OIDM3_ADRESSEEXTA008','8','26010','donauStr','heidelberg','default');
insert into adresse_externe (ID, oid,adr_hausnummer,adr_plz, adr_str,adr_stadt, MANDANT) values ('7027','OIDM3_ADRESSEEXTA009','9','26011','donauStr','heidelberg','default');
insert into adresse_externe (ID, oid,adr_hausnummer,adr_plz, adr_str,adr_stadt, MANDANT) values ('7028','OIDM3_ADRESSEEXTA010','10','26012','donauStr','heidelberg','default');
insert into adresse_externe (ID, oid,adr_hausnummer,adr_plz, adr_str,adr_stadt, MANDANT) values ('7029','OIDM3_ADRESSEEXTA011','11','26013','donauStr','heidelberg','default');
insert into adresse_externe (ID, oid,adr_hausnummer,adr_plz, adr_str,adr_stadt, MANDANT) values ('7030','OIDM3_ADRESSEEXTA012','12','26014','donauStr','heidelberg','default');
